<<<<<<< HEAD
2026-09-13 05:07:25 [main] INFO  c.e.P.ProjetoOficinaMecanicaApplication - Starting ProjetoOficinaMecanicaApplication using Java 26.0.2.1 with PID 10352 (C:\Users\rafrn\OneDrive\Documentos\Faculdade\Projeto_Oficina_Mecanica\target\classes started by rafrn in C:\Users\rafrn\OneDrive\Documentos\Faculdade\Projeto_Oficina_Mecanica)
2026-09-13 05:07:25 [main] DEBUG c.e.P.ProjetoOficinaMecanicaApplication - Running with Spring Boot v3.5.15, Spring v6.2.19
2026-09-13 05:07:25 [main] INFO  c.e.P.ProjetoOficinaMecanicaApplication - No active profile set, falling back to 1 default profile: "default"
2026-09-13 05:07:33 [main] INFO  o.s.d.r.c.RepositoryConfigurationDelegate - Bootstrapping Spring Data JPA repositories in DEFAULT mode.
2026-09-13 05:07:34 [main] INFO  o.s.d.r.c.RepositoryConfigurationDelegate - Finished Spring Data repository scanning in 1053 ms. Found 19 JPA repository interfaces.
2026-09-13 05:07:38 [main] INFO  o.s.b.w.e.tomcat.TomcatWebServer - Tomcat initialized with port 8080 (http)
2026-09-13 05:07:38 [main] INFO  o.a.catalina.core.StandardService - Starting service [Tomcat]
2026-09-13 05:07:38 [main] INFO  o.a.catalina.core.StandardEngine - Starting Servlet engine: [Apache Tomcat/10.1.55]
2026-09-13 05:07:39 [main] INFO  o.a.c.c.C.[Tomcat].[localhost].[/] - Initializing Spring embedded WebApplicationContext
2026-09-13 05:07:39 [main] INFO  o.s.b.w.s.c.ServletWebServerApplicationContext - Root WebApplicationContext: initialization completed in 13212 ms
2026-09-13 05:07:41 [main] INFO  com.zaxxer.hikari.HikariDataSource - HikariPool-1 - Starting...
2026-09-13 05:07:44 [main] INFO  com.zaxxer.hikari.pool.HikariPool - HikariPool-1 - Added connection com.mysql.cj.jdbc.ConnectionImpl@1fc3df43
2026-09-13 05:07:44 [main] INFO  com.zaxxer.hikari.HikariDataSource - HikariPool-1 - Start completed.
2026-09-13 05:07:44 [main] INFO  org.flywaydb.core.FlywayExecutor - Database: jdbc:mysql://localhost:3306/Projeto_Oficina_Mecanica (MySQL 8.0)
2026-09-13 05:07:44 [main] INFO  o.f.core.internal.command.DbValidate - Successfully validated 0 migrations (execution time 00:00.044s)
2026-09-13 05:07:44 [main] WARN  o.f.core.internal.command.DbValidate - No migrations found. Are your locations set up correctly?
2026-09-13 05:07:45 [main] INFO  o.f.core.internal.command.DbMigrate - Current version of schema `projeto_oficina_mecanica`: << Empty Schema >>
2026-09-13 05:07:45 [main] INFO  o.f.core.internal.command.DbMigrate - Schema `projeto_oficina_mecanica` is up to date. No migration necessary.
2026-09-13 05:07:45 [main] INFO  o.h.jpa.internal.util.LogHelper - HHH000204: Processing PersistenceUnitInfo [name: default]
2026-09-13 05:07:46 [main] INFO  org.hibernate.Version - HHH000412: Hibernate ORM core version 6.6.53.Final
2026-09-13 05:07:46 [main] INFO  o.h.c.i.RegionFactoryInitiator - HHH000026: Second-level cache disabled
2026-09-13 05:07:49 [main] INFO  o.s.o.j.p.SpringPersistenceUnitInfo - No LoadTimeWeaver setup: ignoring JPA class transformer
2026-09-13 05:07:49 [main] WARN  org.hibernate.orm.deprecation - HHH90000025: MySQL8Dialect does not need to be specified explicitly using 'hibernate.dialect' (remove the property setting and it will be selected by default)
2026-09-13 05:07:49 [main] WARN  org.hibernate.orm.deprecation - HHH90000026: MySQL8Dialect has been deprecated; use org.hibernate.dialect.MySQLDialect instead
2026-09-13 05:07:50 [main] INFO  o.hibernate.orm.connections.pooling - HHH10001005: Database info:
=======
2026-09-02 22:00:42 [main] INFO  c.e.P.ProjetoOficinaMecanicaApplication - Starting ProjetoOficinaMecanicaApplication using Java 17.0.19 with PID 3156 (C:\Users\Carneiro\Documents\Projeto da Faculdade\Projeto_Oficina_Mecanica\target\classes started by Carneiro in C:\Users\Carneiro\Documents\Projeto da Faculdade\Projeto_Oficina_Mecanica)
2026-09-02 22:00:42 [main] DEBUG c.e.P.ProjetoOficinaMecanicaApplication - Running with Spring Boot v3.5.15, Spring v6.2.19
2026-09-02 22:00:42 [main] INFO  c.e.P.ProjetoOficinaMecanicaApplication - No active profile set, falling back to 1 default profile: "default"
2026-09-02 22:00:45 [main] INFO  o.s.d.r.c.RepositoryConfigurationDelegate - Bootstrapping Spring Data JPA repositories in DEFAULT mode.
2026-09-02 22:00:45 [main] INFO  o.s.d.r.c.RepositoryConfigurationDelegate - Finished Spring Data repository scanning in 284 ms. Found 19 JPA repository interfaces.
2026-09-02 22:00:48 [main] INFO  o.s.b.w.e.tomcat.TomcatWebServer - Tomcat initialized with port 8080 (http)
2026-09-02 22:00:48 [main] INFO  o.a.catalina.core.StandardService - Starting service [Tomcat]
2026-09-02 22:00:48 [main] INFO  o.a.catalina.core.StandardEngine - Starting Servlet engine: [Apache Tomcat/10.1.55]
2026-09-02 22:00:48 [main] INFO  o.a.c.c.C.[Tomcat].[localhost].[/] - Initializing Spring embedded WebApplicationContext
2026-09-02 22:00:48 [main] INFO  o.s.b.w.s.c.ServletWebServerApplicationContext - Root WebApplicationContext: initialization completed in 6346 ms
2026-09-02 22:00:49 [main] INFO  com.zaxxer.hikari.HikariDataSource - HikariPool-1 - Starting...
2026-09-02 22:00:50 [main] INFO  com.zaxxer.hikari.pool.HikariPool - HikariPool-1 - Added connection com.mysql.cj.jdbc.ConnectionImpl@294c44b7
2026-09-02 22:00:50 [main] INFO  com.zaxxer.hikari.HikariDataSource - HikariPool-1 - Start completed.
2026-09-02 22:00:50 [main] INFO  org.flywaydb.core.FlywayExecutor - Database: jdbc:mysql://localhost:3306/Projeto_Oficina_Mecanica (MySQL 8.0)
2026-09-02 22:00:51 [main] INFO  o.f.core.internal.command.DbValidate - Successfully validated 1 migration (execution time 00:00.237s)
2026-09-02 22:00:51 [main] INFO  o.f.core.internal.command.DbMigrate - Current version of schema `projeto_oficina_mecanica`: 1
2026-09-02 22:00:51 [main] INFO  o.f.core.internal.command.DbMigrate - Schema `projeto_oficina_mecanica` is up to date. No migration necessary.
2026-09-02 22:00:51 [main] INFO  o.h.jpa.internal.util.LogHelper - HHH000204: Processing PersistenceUnitInfo [name: default]
2026-09-02 22:00:51 [main] INFO  org.hibernate.Version - HHH000412: Hibernate ORM core version 6.6.53.Final
2026-09-02 22:00:51 [main] INFO  o.h.c.i.RegionFactoryInitiator - HHH000026: Second-level cache disabled
2026-09-02 22:00:52 [main] INFO  o.s.o.j.p.SpringPersistenceUnitInfo - No LoadTimeWeaver setup: ignoring JPA class transformer
2026-09-02 22:00:52 [main] WARN  org.hibernate.orm.deprecation - HHH90000025: MySQL8Dialect does not need to be specified explicitly using 'hibernate.dialect' (remove the property setting and it will be selected by default)
2026-09-02 22:00:52 [main] WARN  org.hibernate.orm.deprecation - HHH90000026: MySQL8Dialect has been deprecated; use org.hibernate.dialect.MySQLDialect instead
2026-09-02 22:00:52 [main] INFO  o.hibernate.orm.connections.pooling - HHH10001005: Database info:
>>>>>>> origin/main
	Database JDBC URL [Connecting through datasource 'HikariDataSource (HikariPool-1)']
	Database driver: undefined/unknown
	Database version: 8.0
	Autocommit mode: undefined/unknown
	Isolation level: undefined/unknown
	Minimum pool size: undefined/unknown
	Maximum pool size: undefined/unknown
<<<<<<< HEAD
2026-09-13 05:07:59 [main] INFO  o.h.e.t.j.p.i.JtaPlatformInitiator - HHH000489: No JTA platform available (set 'hibernate.transaction.jta.platform' to enable JTA platform integration)
2026-09-13 05:07:59 [main] DEBUG org.hibernate.SQL - 
    alter table fluxo_caixa 
       modify column forma_pagamento enum ('BOLETO','CARTAO_CREDITO','CARTAO_DEBITO','DINHEIRO','PIX','TRANSFERENCIA')
2026-09-13 05:07:59 [main] DEBUG org.hibernate.SQL - 
    alter table fluxo_caixa 
       modify column origem enum ('AJUSTE_MANUAL','CONTA_PAGAR','CONTA_RECEBER','NOTA_FISCAL','ORDEM_SERVICO','OUTROS') not null
2026-09-13 05:08:00 [main] DEBUG org.hibernate.SQL - 
    alter table fluxo_caixa 
       modify column tipo_movimentacao enum ('ENTRADA','SAIDA') not null
2026-09-13 05:08:00 [main] DEBUG org.hibernate.SQL - 
    alter table mecanico_especialidades 
       modify column especialidade enum ('AR_CONDICIONADO','ELETRICA','FREIOS','FUNILARIA','GERAL','INJECAO_ELETRONICA','MOTOR','PINTURA','SUSPENSAO','TRANSMISSAO')
2026-09-13 05:08:00 [main] DEBUG org.hibernate.SQL - 
    alter table produtos 
       modify column categoria enum ('ACESSORIO','BATERIA','FERRAMENTA','FILTRO','FLUIDO','OLEO_LUBRIFICANTE','OUTROS','PECA_ELETRICA','PECA_FREIO','PECA_MOTOR','PECA_SUSPENSAO','PECA_TRANSMISSAO','PNEU') not null
2026-09-13 05:08:00 [main] DEBUG org.hibernate.SQL - 
    alter table usuarios 
       modify column perfil enum ('ADMIN','ATENDENTE','GERENTE','MECANICO') not null
2026-09-13 05:08:00 [main] DEBUG org.hibernate.SQL - 
    alter table veiculos 
       modify column combustivel enum ('DIESEL','ELETRICO','ETANOL','FLEX','GASOLINA','GNV','HIBRIDO')
2026-09-13 05:08:01 [main] INFO  o.s.o.j.LocalContainerEntityManagerFactoryBean - Initialized JPA EntityManagerFactory for persistence unit 'default'
2026-09-13 05:08:02 [main] INFO  o.s.d.j.r.query.QueryEnhancerFactory - Hibernate is in classpath; If applicable, HQL parser will be used.
2026-09-13 05:08:05 [main] DEBUG c.e.P.security.JwtAuthFilter - Filter 'jwtAuthFilter' configured for use
2026-09-13 05:08:11 [main] INFO  o.s.s.c.a.a.c.InitializeAuthenticationProviderBeanManagerConfigurer$InitializeAuthenticationProviderManagerConfigurer - Global AuthenticationManager configured with AuthenticationProvider bean with name authenticationProvider
2026-09-13 05:08:12 [main] WARN  o.s.s.c.a.a.c.InitializeUserDetailsBeanManagerConfigurer$InitializeUserDetailsManagerConfigurer - Global AuthenticationManager configured with an AuthenticationProvider bean. UserDetailsService beans will not be used by Spring Security for automatically configuring username/password login. Consider removing the AuthenticationProvider bean. Alternatively, consider using the UserDetailsService in a manually instantiated DaoAuthenticationProvider. If the current configuration is intentional, to turn off this warning, increase the logging level of 'org.springframework.security.config.annotation.authentication.configuration.InitializeUserDetailsBeanManagerConfigurer' to ERROR
2026-09-13 05:08:21 [main] WARN  o.s.b.a.o.j.JpaBaseConfiguration$JpaWebConfiguration - spring.jpa.open-in-view is enabled by default. Therefore, database queries may be performed during view rendering. Explicitly configure spring.jpa.open-in-view to disable this warning
2026-09-13 05:08:22 [main] INFO  o.s.b.a.w.s.WelcomePageHandlerMapping - Adding welcome page: class path resource [static/index.html]
2026-09-13 05:08:30 [main] INFO  o.s.b.a.e.web.EndpointLinksResolver - Exposing 3 endpoints beneath base path '/actuator'
2026-09-13 05:08:31 [main] DEBUG o.s.s.web.DefaultSecurityFilterChain - Will secure any request with filters: DisableEncodeUrlFilter, WebAsyncManagerIntegrationFilter, SecurityContextHolderFilter, HeaderWriterFilter, LogoutFilter, JwtAuthFilter, RequestCacheAwareFilter, SecurityContextHolderAwareRequestFilter, AnonymousAuthenticationFilter, SessionManagementFilter, ExceptionTranslationFilter, AuthorizationFilter
2026-09-13 05:08:34 [main] INFO  o.s.b.w.e.tomcat.TomcatWebServer - Tomcat started on port 8080 (http) with context path '/'
2026-09-13 05:08:35 [main] INFO  c.e.P.ProjetoOficinaMecanicaApplication - Started ProjetoOficinaMecanicaApplication in 70.537 seconds (process running for 71.541)
2026-09-13 05:09:35 [http-nio-8080-exec-1] INFO  o.a.c.c.C.[Tomcat].[localhost].[/] - Initializing Spring DispatcherServlet 'dispatcherServlet'
2026-09-13 05:09:35 [http-nio-8080-exec-1] INFO  o.s.web.servlet.DispatcherServlet - Initializing Servlet 'dispatcherServlet'
2026-09-13 05:09:36 [http-nio-8080-exec-1] INFO  o.s.web.servlet.DispatcherServlet - Completed initialization in 152 ms
2026-09-13 05:09:36 [http-nio-8080-exec-1] DEBUG o.s.security.web.FilterChainProxy - Securing GET /
2026-09-13 05:09:36 [http-nio-8080-exec-1] DEBUG o.s.s.w.a.AnonymousAuthenticationFilter - Set SecurityContextHolder to anonymous SecurityContext
2026-09-13 05:09:36 [http-nio-8080-exec-1] DEBUG o.s.security.web.FilterChainProxy - Secured GET /
2026-09-13 05:09:37 [http-nio-8080-exec-1] DEBUG o.s.security.web.FilterChainProxy - Securing GET /index.html
2026-09-13 05:09:37 [http-nio-8080-exec-1] DEBUG o.s.security.web.FilterChainProxy - Secured GET /index.html
2026-09-13 05:09:39 [http-nio-8080-exec-2] DEBUG o.s.security.web.FilterChainProxy - Securing GET /login.html
2026-09-13 05:09:39 [http-nio-8080-exec-2] DEBUG o.s.s.w.a.AnonymousAuthenticationFilter - Set SecurityContextHolder to anonymous SecurityContext
2026-09-13 05:09:39 [http-nio-8080-exec-2] DEBUG o.s.security.web.FilterChainProxy - Secured GET /login.html
2026-09-13 05:09:39 [http-nio-8080-exec-3] DEBUG o.s.security.web.FilterChainProxy - Securing GET /css/global.css
2026-09-13 05:09:39 [http-nio-8080-exec-4] DEBUG o.s.security.web.FilterChainProxy - Securing GET /css/login.css
2026-09-13 05:09:39 [http-nio-8080-exec-4] DEBUG o.s.s.w.a.AnonymousAuthenticationFilter - Set SecurityContextHolder to anonymous SecurityContext
2026-09-13 05:09:39 [http-nio-8080-exec-5] DEBUG o.s.security.web.FilterChainProxy - Securing GET /js/config.js
2026-09-13 05:09:39 [http-nio-8080-exec-3] DEBUG o.s.s.w.a.AnonymousAuthenticationFilter - Set SecurityContextHolder to anonymous SecurityContext
2026-09-13 05:09:39 [http-nio-8080-exec-4] DEBUG o.s.security.web.FilterChainProxy - Secured GET /css/login.css
2026-09-13 05:09:39 [http-nio-8080-exec-5] DEBUG o.s.s.w.a.AnonymousAuthenticationFilter - Set SecurityContextHolder to anonymous SecurityContext
2026-09-13 05:09:39 [http-nio-8080-exec-3] DEBUG o.s.security.web.FilterChainProxy - Secured GET /css/global.css
2026-09-13 05:09:39 [http-nio-8080-exec-5] DEBUG o.s.security.web.FilterChainProxy - Secured GET /js/config.js
2026-09-13 05:09:40 [http-nio-8080-exec-6] DEBUG o.s.security.web.FilterChainProxy - Securing GET /img/logo.png
2026-09-13 05:09:40 [http-nio-8080-exec-7] DEBUG o.s.security.web.FilterChainProxy - Securing GET /js/api.js
2026-09-13 05:09:40 [http-nio-8080-exec-8] DEBUG o.s.security.web.FilterChainProxy - Securing GET /js/util.js
2026-09-13 05:09:40 [http-nio-8080-exec-9] DEBUG o.s.security.web.FilterChainProxy - Securing GET /js/auth.js
2026-09-13 05:09:40 [http-nio-8080-exec-10] DEBUG o.s.security.web.FilterChainProxy - Securing GET /js/login.js
2026-09-13 05:09:40 [http-nio-8080-exec-6] DEBUG o.s.s.w.a.AnonymousAuthenticationFilter - Set SecurityContextHolder to anonymous SecurityContext
2026-09-13 05:09:40 [http-nio-8080-exec-7] DEBUG o.s.s.w.a.AnonymousAuthenticationFilter - Set SecurityContextHolder to anonymous SecurityContext
2026-09-13 05:09:40 [http-nio-8080-exec-8] DEBUG o.s.s.w.a.AnonymousAuthenticationFilter - Set SecurityContextHolder to anonymous SecurityContext
2026-09-13 05:09:40 [http-nio-8080-exec-9] DEBUG o.s.s.w.a.AnonymousAuthenticationFilter - Set SecurityContextHolder to anonymous SecurityContext
2026-09-13 05:09:40 [http-nio-8080-exec-10] DEBUG o.s.s.w.a.AnonymousAuthenticationFilter - Set SecurityContextHolder to anonymous SecurityContext
2026-09-13 05:09:40 [http-nio-8080-exec-6] DEBUG o.s.s.w.a.Http403ForbiddenEntryPoint - Pre-authenticated entry point called. Rejecting access
2026-09-13 05:09:40 [http-nio-8080-exec-7] DEBUG o.s.security.web.FilterChainProxy - Secured GET /js/api.js
2026-09-13 05:09:40 [http-nio-8080-exec-8] DEBUG o.s.security.web.FilterChainProxy - Secured GET /js/util.js
2026-09-13 05:09:40 [http-nio-8080-exec-9] DEBUG o.s.security.web.FilterChainProxy - Secured GET /js/auth.js
2026-09-13 05:09:40 [http-nio-8080-exec-10] DEBUG o.s.security.web.FilterChainProxy - Secured GET /js/login.js
2026-09-13 05:09:40 [http-nio-8080-exec-6] DEBUG o.s.security.web.FilterChainProxy - Securing GET /error
2026-09-13 05:09:41 [http-nio-8080-exec-6] DEBUG o.s.s.w.a.AnonymousAuthenticationFilter - Set SecurityContextHolder to anonymous SecurityContext
2026-09-13 05:09:41 [http-nio-8080-exec-1] DEBUG o.s.security.web.FilterChainProxy - Securing GET /dashboard.html
2026-09-13 05:09:41 [http-nio-8080-exec-6] DEBUG o.s.s.w.a.Http403ForbiddenEntryPoint - Pre-authenticated entry point called. Rejecting access
2026-09-13 05:09:41 [http-nio-8080-exec-1] DEBUG o.s.s.w.a.AnonymousAuthenticationFilter - Set SecurityContextHolder to anonymous SecurityContext
2026-09-13 05:09:41 [http-nio-8080-exec-1] DEBUG o.s.security.web.FilterChainProxy - Secured GET /dashboard.html
2026-09-13 05:09:41 [http-nio-8080-exec-2] DEBUG o.s.security.web.FilterChainProxy - Securing GET /css/global.css
2026-09-13 05:09:41 [http-nio-8080-exec-4] DEBUG o.s.security.web.FilterChainProxy - Securing GET /css/dashboard.css
2026-09-13 05:09:41 [http-nio-8080-exec-4] DEBUG o.s.s.w.a.AnonymousAuthenticationFilter - Set SecurityContextHolder to anonymous SecurityContext
2026-09-13 05:09:41 [http-nio-8080-exec-5] DEBUG o.s.security.web.FilterChainProxy - Securing GET /css/toast.css
2026-09-13 05:09:41 [http-nio-8080-exec-4] DEBUG o.s.security.web.FilterChainProxy - Secured GET /css/dashboard.css
2026-09-13 05:09:41 [http-nio-8080-exec-3] DEBUG o.s.security.web.FilterChainProxy - Securing GET /css/sidebar.css
2026-09-13 05:09:41 [http-nio-8080-exec-7] DEBUG o.s.security.web.FilterChainProxy - Securing GET /js/config.js
2026-09-13 05:09:41 [http-nio-8080-exec-8] DEBUG o.s.security.web.FilterChainProxy - Securing GET /js/api.js
2026-09-13 05:09:41 [http-nio-8080-exec-2] DEBUG o.s.s.w.a.AnonymousAuthenticationFilter - Set SecurityContextHolder to anonymous SecurityContext
2026-09-13 05:09:41 [http-nio-8080-exec-5] DEBUG o.s.s.w.a.AnonymousAuthenticationFilter - Set SecurityContextHolder to anonymous SecurityContext
2026-09-13 05:09:42 [http-nio-8080-exec-3] DEBUG o.s.s.w.a.AnonymousAuthenticationFilter - Set SecurityContextHolder to anonymous SecurityContext
2026-09-13 05:09:42 [http-nio-8080-exec-9] DEBUG o.s.security.web.FilterChainProxy - Securing GET /js/auth.js
2026-09-13 05:09:42 [http-nio-8080-exec-7] DEBUG o.s.s.w.a.AnonymousAuthenticationFilter - Set SecurityContextHolder to anonymous SecurityContext
2026-09-13 05:09:42 [http-nio-8080-exec-8] DEBUG o.s.s.w.a.AnonymousAuthenticationFilter - Set SecurityContextHolder to anonymous SecurityContext
2026-09-13 05:09:42 [http-nio-8080-exec-2] DEBUG o.s.security.web.FilterChainProxy - Secured GET /css/global.css
2026-09-13 05:09:42 [http-nio-8080-exec-5] DEBUG o.s.security.web.FilterChainProxy - Secured GET /css/toast.css
2026-09-13 05:09:42 [http-nio-8080-exec-3] DEBUG o.s.security.web.FilterChainProxy - Secured GET /css/sidebar.css
2026-09-13 05:09:42 [http-nio-8080-exec-9] DEBUG o.s.s.w.a.AnonymousAuthenticationFilter - Set SecurityContextHolder to anonymous SecurityContext
2026-09-13 05:09:42 [http-nio-8080-exec-7] DEBUG o.s.security.web.FilterChainProxy - Secured GET /js/config.js
2026-09-13 05:09:42 [http-nio-8080-exec-8] DEBUG o.s.security.web.FilterChainProxy - Secured GET /js/api.js
2026-09-13 05:09:42 [http-nio-8080-exec-9] DEBUG o.s.security.web.FilterChainProxy - Secured GET /js/auth.js
2026-09-13 05:09:42 [http-nio-8080-exec-10] DEBUG o.s.security.web.FilterChainProxy - Securing GET /js/util.js
2026-09-13 05:09:42 [http-nio-8080-exec-6] DEBUG o.s.security.web.FilterChainProxy - Securing GET /js/loading.js
2026-09-13 05:09:42 [http-nio-8080-exec-1] DEBUG o.s.security.web.FilterChainProxy - Securing GET /js/toast.js
2026-09-13 05:09:42 [http-nio-8080-exec-4] DEBUG o.s.security.web.FilterChainProxy - Securing GET /js/sidebar.js
2026-09-13 05:09:42 [http-nio-8080-exec-2] DEBUG o.s.security.web.FilterChainProxy - Securing GET /js/dashboard.js
2026-09-13 05:09:42 [http-nio-8080-exec-10] DEBUG o.s.s.w.a.AnonymousAuthenticationFilter - Set SecurityContextHolder to anonymous SecurityContext
2026-09-13 05:09:42 [http-nio-8080-exec-2] DEBUG o.s.s.w.a.AnonymousAuthenticationFilter - Set SecurityContextHolder to anonymous SecurityContext
2026-09-13 05:09:42 [http-nio-8080-exec-10] DEBUG o.s.security.web.FilterChainProxy - Secured GET /js/util.js
2026-09-13 05:09:42 [http-nio-8080-exec-6] DEBUG o.s.s.w.a.AnonymousAuthenticationFilter - Set SecurityContextHolder to anonymous SecurityContext
2026-09-13 05:09:42 [http-nio-8080-exec-1] DEBUG o.s.s.w.a.AnonymousAuthenticationFilter - Set SecurityContextHolder to anonymous SecurityContext
2026-09-13 05:09:42 [http-nio-8080-exec-4] DEBUG o.s.s.w.a.AnonymousAuthenticationFilter - Set SecurityContextHolder to anonymous SecurityContext
2026-09-13 05:09:42 [http-nio-8080-exec-2] DEBUG o.s.security.web.FilterChainProxy - Secured GET /js/dashboard.js
2026-09-13 05:09:42 [http-nio-8080-exec-4] DEBUG o.s.security.web.FilterChainProxy - Secured GET /js/sidebar.js
2026-09-13 05:09:42 [http-nio-8080-exec-6] DEBUG o.s.security.web.FilterChainProxy - Secured GET /js/loading.js
2026-09-13 05:09:42 [http-nio-8080-exec-1] DEBUG o.s.security.web.FilterChainProxy - Secured GET /js/toast.js
2026-09-13 05:09:42 [http-nio-8080-exec-5] DEBUG o.s.security.web.FilterChainProxy - Securing GET /sidebar.html
2026-09-13 05:09:42 [http-nio-8080-exec-3] DEBUG o.s.security.web.FilterChainProxy - Securing GET /api/usuarios/me
2026-09-13 05:09:42 [http-nio-8080-exec-7] DEBUG o.s.security.web.FilterChainProxy - Securing GET /api/dashboard
2026-09-13 05:09:42 [http-nio-8080-exec-9] DEBUG o.s.security.web.FilterChainProxy - Securing GET /favicon.ico
2026-09-13 05:09:42 [http-nio-8080-exec-5] DEBUG o.s.s.w.a.AnonymousAuthenticationFilter - Set SecurityContextHolder to anonymous SecurityContext
2026-09-13 05:09:42 [http-nio-8080-exec-9] DEBUG o.s.s.w.a.AnonymousAuthenticationFilter - Set SecurityContextHolder to anonymous SecurityContext
2026-09-13 05:09:42 [http-nio-8080-exec-5] DEBUG o.s.security.web.FilterChainProxy - Secured GET /sidebar.html
2026-09-13 05:09:42 [http-nio-8080-exec-9] DEBUG o.s.s.w.a.Http403ForbiddenEntryPoint - Pre-authenticated entry point called. Rejecting access
2026-09-13 05:09:42 [http-nio-8080-exec-9] DEBUG o.s.security.web.FilterChainProxy - Securing GET /error
2026-09-13 05:09:42 [http-nio-8080-exec-9] DEBUG o.s.s.w.a.AnonymousAuthenticationFilter - Set SecurityContextHolder to anonymous SecurityContext
2026-09-13 05:09:43 [http-nio-8080-exec-9] DEBUG o.s.s.w.a.Http403ForbiddenEntryPoint - Pre-authenticated entry point called. Rejecting access
2026-09-13 05:09:43 [http-nio-8080-exec-7] WARN  c.e.P.security.JwtAuthFilter - Erro ao extrair email do token: JWT expired 454883357 milliseconds ago at 2026-09-08T01:48:20.000Z. Current time: 2026-09-13T08:09:43.357Z. Allowed clock skew: 0 milliseconds.
2026-09-13 05:09:43 [http-nio-8080-exec-3] WARN  c.e.P.security.JwtAuthFilter - Erro ao extrair email do token: JWT expired 454883357 milliseconds ago at 2026-09-08T01:48:20.000Z. Current time: 2026-09-13T08:09:43.357Z. Allowed clock skew: 0 milliseconds.
2026-09-13 05:09:43 [http-nio-8080-exec-3] DEBUG o.s.s.w.a.AnonymousAuthenticationFilter - Set SecurityContextHolder to anonymous SecurityContext
2026-09-13 05:09:43 [http-nio-8080-exec-7] DEBUG o.s.s.w.a.AnonymousAuthenticationFilter - Set SecurityContextHolder to anonymous SecurityContext
2026-09-13 05:09:43 [http-nio-8080-exec-7] DEBUG o.s.s.w.a.Http403ForbiddenEntryPoint - Pre-authenticated entry point called. Rejecting access
2026-09-13 05:09:43 [http-nio-8080-exec-3] DEBUG o.s.s.w.a.Http403ForbiddenEntryPoint - Pre-authenticated entry point called. Rejecting access
2026-09-13 05:09:43 [http-nio-8080-exec-7] DEBUG o.s.security.web.FilterChainProxy - Securing GET /error
2026-09-13 05:09:43 [http-nio-8080-exec-3] DEBUG o.s.security.web.FilterChainProxy - Securing GET /error
2026-09-13 05:09:43 [http-nio-8080-exec-7] DEBUG o.s.s.w.a.AnonymousAuthenticationFilter - Set SecurityContextHolder to anonymous SecurityContext
2026-09-13 05:09:43 [http-nio-8080-exec-3] DEBUG o.s.s.w.a.AnonymousAuthenticationFilter - Set SecurityContextHolder to anonymous SecurityContext
2026-09-13 05:09:43 [http-nio-8080-exec-7] DEBUG o.s.s.w.a.Http403ForbiddenEntryPoint - Pre-authenticated entry point called. Rejecting access
2026-09-13 05:09:43 [http-nio-8080-exec-3] DEBUG o.s.s.w.a.Http403ForbiddenEntryPoint - Pre-authenticated entry point called. Rejecting access
2026-09-13 05:10:13 [http-nio-8080-exec-5] DEBUG o.s.security.web.FilterChainProxy - Securing GET /usuarios.html
2026-09-13 05:10:13 [http-nio-8080-exec-5] DEBUG o.s.s.w.a.AnonymousAuthenticationFilter - Set SecurityContextHolder to anonymous SecurityContext
2026-09-13 05:10:13 [http-nio-8080-exec-5] DEBUG o.s.security.web.FilterChainProxy - Secured GET /usuarios.html
2026-09-13 05:10:13 [http-nio-8080-exec-3] DEBUG o.s.security.web.FilterChainProxy - Securing GET /css/sidebar.css
2026-09-13 05:10:13 [http-nio-8080-exec-9] DEBUG o.s.security.web.FilterChainProxy - Securing GET /css/global.css
2026-09-13 05:10:13 [http-nio-8080-exec-7] DEBUG o.s.security.web.FilterChainProxy - Securing GET /css/usuarios.css
2026-09-13 05:10:13 [http-nio-8080-exec-8] DEBUG o.s.security.web.FilterChainProxy - Securing GET /css/toast.css
2026-09-13 05:10:13 [http-nio-8080-exec-10] DEBUG o.s.security.web.FilterChainProxy - Securing GET /css/modal-usuario.css
2026-09-13 05:10:13 [http-nio-8080-exec-2] DEBUG o.s.security.web.FilterChainProxy - Securing GET /js/config.js
2026-09-13 05:10:14 [http-nio-8080-exec-10] DEBUG o.s.s.w.a.AnonymousAuthenticationFilter - Set SecurityContextHolder to anonymous SecurityContext
2026-09-13 05:10:13 [http-nio-8080-exec-3] DEBUG o.s.s.w.a.AnonymousAuthenticationFilter - Set SecurityContextHolder to anonymous SecurityContext
2026-09-13 05:10:14 [http-nio-8080-exec-9] DEBUG o.s.s.w.a.AnonymousAuthenticationFilter - Set SecurityContextHolder to anonymous SecurityContext
2026-09-13 05:10:14 [http-nio-8080-exec-10] DEBUG o.s.security.web.FilterChainProxy - Secured GET /css/modal-usuario.css
2026-09-13 05:10:14 [http-nio-8080-exec-7] DEBUG o.s.s.w.a.AnonymousAuthenticationFilter - Set SecurityContextHolder to anonymous SecurityContext
2026-09-13 05:10:14 [http-nio-8080-exec-8] DEBUG o.s.s.w.a.AnonymousAuthenticationFilter - Set SecurityContextHolder to anonymous SecurityContext
2026-09-13 05:10:14 [http-nio-8080-exec-2] DEBUG o.s.s.w.a.AnonymousAuthenticationFilter - Set SecurityContextHolder to anonymous SecurityContext
2026-09-13 05:10:14 [http-nio-8080-exec-3] DEBUG o.s.security.web.FilterChainProxy - Secured GET /css/sidebar.css
2026-09-13 05:10:14 [http-nio-8080-exec-9] DEBUG o.s.security.web.FilterChainProxy - Secured GET /css/global.css
2026-09-13 05:10:14 [http-nio-8080-exec-7] DEBUG o.s.security.web.FilterChainProxy - Secured GET /css/usuarios.css
2026-09-13 05:10:14 [http-nio-8080-exec-8] DEBUG o.s.security.web.FilterChainProxy - Secured GET /css/toast.css
2026-09-13 05:10:14 [http-nio-8080-exec-2] DEBUG o.s.security.web.FilterChainProxy - Secured GET /js/config.js
2026-09-13 05:10:14 [http-nio-8080-exec-3] DEBUG o.s.security.web.FilterChainProxy - Securing GET /js/util.js
2026-09-13 05:10:14 [http-nio-8080-exec-4] DEBUG o.s.security.web.FilterChainProxy - Securing GET /js/api.js
2026-09-13 05:10:14 [http-nio-8080-exec-1] DEBUG o.s.security.web.FilterChainProxy - Securing GET /js/sidebar.js
2026-09-13 05:10:14 [http-nio-8080-exec-6] DEBUG o.s.security.web.FilterChainProxy - Securing GET /js/auth.js
2026-09-13 05:10:14 [http-nio-8080-exec-5] DEBUG o.s.security.web.FilterChainProxy - Securing GET /js/loading.js
2026-09-13 05:10:14 [http-nio-8080-exec-10] DEBUG o.s.security.web.FilterChainProxy - Securing GET /js/toast.js
2026-09-13 05:10:14 [http-nio-8080-exec-3] DEBUG o.s.s.w.a.AnonymousAuthenticationFilter - Set SecurityContextHolder to anonymous SecurityContext
2026-09-13 05:10:14 [http-nio-8080-exec-4] DEBUG o.s.s.w.a.AnonymousAuthenticationFilter - Set SecurityContextHolder to anonymous SecurityContext
2026-09-13 05:10:14 [http-nio-8080-exec-1] DEBUG o.s.s.w.a.AnonymousAuthenticationFilter - Set SecurityContextHolder to anonymous SecurityContext
2026-09-13 05:10:14 [http-nio-8080-exec-6] DEBUG o.s.s.w.a.AnonymousAuthenticationFilter - Set SecurityContextHolder to anonymous SecurityContext
2026-09-13 05:10:14 [http-nio-8080-exec-5] DEBUG o.s.s.w.a.AnonymousAuthenticationFilter - Set SecurityContextHolder to anonymous SecurityContext
2026-09-13 05:10:14 [http-nio-8080-exec-10] DEBUG o.s.s.w.a.AnonymousAuthenticationFilter - Set SecurityContextHolder to anonymous SecurityContext
2026-09-13 05:10:14 [http-nio-8080-exec-3] DEBUG o.s.security.web.FilterChainProxy - Secured GET /js/util.js
2026-09-13 05:10:14 [http-nio-8080-exec-4] DEBUG o.s.security.web.FilterChainProxy - Secured GET /js/api.js
2026-09-13 05:10:14 [http-nio-8080-exec-1] DEBUG o.s.security.web.FilterChainProxy - Secured GET /js/sidebar.js
2026-09-13 05:10:14 [http-nio-8080-exec-6] DEBUG o.s.security.web.FilterChainProxy - Secured GET /js/auth.js
2026-09-13 05:10:14 [http-nio-8080-exec-5] DEBUG o.s.security.web.FilterChainProxy - Secured GET /js/loading.js
2026-09-13 05:10:14 [http-nio-8080-exec-10] DEBUG o.s.security.web.FilterChainProxy - Secured GET /js/toast.js
2026-09-13 05:10:15 [http-nio-8080-exec-9] DEBUG o.s.security.web.FilterChainProxy - Securing GET /js/modal-usuario.js
2026-09-13 05:10:15 [http-nio-8080-exec-7] DEBUG o.s.security.web.FilterChainProxy - Securing GET /js/usuarios.js
2026-09-13 05:10:15 [http-nio-8080-exec-9] DEBUG o.s.s.w.a.AnonymousAuthenticationFilter - Set SecurityContextHolder to anonymous SecurityContext
2026-09-13 05:10:15 [http-nio-8080-exec-7] DEBUG o.s.s.w.a.AnonymousAuthenticationFilter - Set SecurityContextHolder to anonymous SecurityContext
2026-09-13 05:10:15 [http-nio-8080-exec-9] DEBUG o.s.security.web.FilterChainProxy - Secured GET /js/modal-usuario.js
2026-09-13 05:10:15 [http-nio-8080-exec-7] DEBUG o.s.security.web.FilterChainProxy - Secured GET /js/usuarios.js
2026-09-13 05:10:15 [http-nio-8080-exec-2] DEBUG o.s.security.web.FilterChainProxy - Securing GET /favicon.ico
2026-09-13 05:10:15 [http-nio-8080-exec-8] DEBUG o.s.security.web.FilterChainProxy - Securing GET /modal-usuario.html
2026-09-13 05:10:15 [http-nio-8080-exec-3] DEBUG o.s.security.web.FilterChainProxy - Securing GET /sidebar.html
2026-09-13 05:10:15 [http-nio-8080-exec-2] DEBUG o.s.s.w.a.AnonymousAuthenticationFilter - Set SecurityContextHolder to anonymous SecurityContext
2026-09-13 05:10:15 [http-nio-8080-exec-8] DEBUG o.s.s.w.a.AnonymousAuthenticationFilter - Set SecurityContextHolder to anonymous SecurityContext
2026-09-13 05:10:15 [http-nio-8080-exec-3] DEBUG o.s.s.w.a.AnonymousAuthenticationFilter - Set SecurityContextHolder to anonymous SecurityContext
2026-09-13 05:10:15 [http-nio-8080-exec-2] DEBUG o.s.s.w.a.Http403ForbiddenEntryPoint - Pre-authenticated entry point called. Rejecting access
2026-09-13 05:10:15 [http-nio-8080-exec-8] DEBUG o.s.security.web.FilterChainProxy - Secured GET /modal-usuario.html
2026-09-13 05:10:15 [http-nio-8080-exec-2] DEBUG o.s.security.web.FilterChainProxy - Securing GET /error
2026-09-13 05:10:15 [http-nio-8080-exec-3] DEBUG o.s.security.web.FilterChainProxy - Secured GET /sidebar.html
2026-09-13 05:10:15 [http-nio-8080-exec-2] DEBUG o.s.s.w.a.AnonymousAuthenticationFilter - Set SecurityContextHolder to anonymous SecurityContext
2026-09-13 05:10:15 [http-nio-8080-exec-2] DEBUG o.s.s.w.a.Http403ForbiddenEntryPoint - Pre-authenticated entry point called. Rejecting access
2026-09-13 05:10:15 [http-nio-8080-exec-4] DEBUG o.s.security.web.FilterChainProxy - Securing GET /api/usuarios
2026-09-13 05:10:15 [http-nio-8080-exec-4] WARN  c.e.P.security.JwtAuthFilter - Erro ao extrair email do token: JWT expired 454915652 milliseconds ago at 2026-09-08T01:48:20.000Z. Current time: 2026-09-13T08:10:15.652Z. Allowed clock skew: 0 milliseconds.
2026-09-13 05:10:15 [http-nio-8080-exec-4] DEBUG o.s.s.w.a.AnonymousAuthenticationFilter - Set SecurityContextHolder to anonymous SecurityContext
2026-09-13 05:10:15 [http-nio-8080-exec-4] DEBUG o.s.s.w.a.Http403ForbiddenEntryPoint - Pre-authenticated entry point called. Rejecting access
2026-09-13 05:10:15 [http-nio-8080-exec-4] DEBUG o.s.security.web.FilterChainProxy - Securing GET /error
2026-09-13 05:10:15 [http-nio-8080-exec-4] DEBUG o.s.s.w.a.AnonymousAuthenticationFilter - Set SecurityContextHolder to anonymous SecurityContext
2026-09-13 05:10:15 [http-nio-8080-exec-4] DEBUG o.s.s.w.a.Http403ForbiddenEntryPoint - Pre-authenticated entry point called. Rejecting access
2026-09-13 05:10:21 [http-nio-8080-exec-1] DEBUG o.s.security.web.FilterChainProxy - Securing GET /api/usuarios?perfil=ADMIN
2026-09-13 05:10:21 [http-nio-8080-exec-1] WARN  c.e.P.security.JwtAuthFilter - Erro ao extrair email do token: JWT expired 454921799 milliseconds ago at 2026-09-08T01:48:20.000Z. Current time: 2026-09-13T08:10:21.799Z. Allowed clock skew: 0 milliseconds.
2026-09-13 05:10:22 [http-nio-8080-exec-1] DEBUG o.s.s.w.a.AnonymousAuthenticationFilter - Set SecurityContextHolder to anonymous SecurityContext
2026-09-13 05:10:22 [http-nio-8080-exec-1] DEBUG o.s.s.w.a.Http403ForbiddenEntryPoint - Pre-authenticated entry point called. Rejecting access
2026-09-13 05:10:22 [http-nio-8080-exec-1] DEBUG o.s.security.web.FilterChainProxy - Securing GET /error?perfil=ADMIN
2026-09-13 05:10:22 [http-nio-8080-exec-1] DEBUG o.s.s.w.a.AnonymousAuthenticationFilter - Set SecurityContextHolder to anonymous SecurityContext
2026-09-13 05:10:22 [http-nio-8080-exec-1] DEBUG o.s.s.w.a.Http403ForbiddenEntryPoint - Pre-authenticated entry point called. Rejecting access
2026-09-13 05:10:23 [http-nio-8080-exec-6] DEBUG o.s.security.web.FilterChainProxy - Securing GET /api/usuarios?perfil=ADMIN
2026-09-13 05:10:23 [http-nio-8080-exec-6] WARN  c.e.P.security.JwtAuthFilter - Erro ao extrair email do token: JWT expired 454923709 milliseconds ago at 2026-09-08T01:48:20.000Z. Current time: 2026-09-13T08:10:23.709Z. Allowed clock skew: 0 milliseconds.
2026-09-13 05:10:23 [http-nio-8080-exec-6] DEBUG o.s.s.w.a.AnonymousAuthenticationFilter - Set SecurityContextHolder to anonymous SecurityContext
2026-09-13 05:10:23 [http-nio-8080-exec-6] DEBUG o.s.s.w.a.Http403ForbiddenEntryPoint - Pre-authenticated entry point called. Rejecting access
2026-09-13 05:10:24 [http-nio-8080-exec-6] DEBUG o.s.security.web.FilterChainProxy - Securing GET /error?perfil=ADMIN
2026-09-13 05:10:24 [http-nio-8080-exec-6] DEBUG o.s.s.w.a.AnonymousAuthenticationFilter - Set SecurityContextHolder to anonymous SecurityContext
2026-09-13 05:10:24 [http-nio-8080-exec-6] DEBUG o.s.s.w.a.Http403ForbiddenEntryPoint - Pre-authenticated entry point called. Rejecting access
2026-09-13 05:10:24 [http-nio-8080-exec-5] DEBUG o.s.security.web.FilterChainProxy - Securing GET /api/usuarios?perfil=ADMIN
2026-09-13 05:10:24 [http-nio-8080-exec-5] WARN  c.e.P.security.JwtAuthFilter - Erro ao extrair email do token: JWT expired 454924317 milliseconds ago at 2026-09-08T01:48:20.000Z. Current time: 2026-09-13T08:10:24.317Z. Allowed clock skew: 0 milliseconds.
2026-09-13 05:10:24 [http-nio-8080-exec-5] DEBUG o.s.s.w.a.AnonymousAuthenticationFilter - Set SecurityContextHolder to anonymous SecurityContext
2026-09-13 05:10:24 [http-nio-8080-exec-5] DEBUG o.s.s.w.a.Http403ForbiddenEntryPoint - Pre-authenticated entry point called. Rejecting access
2026-09-13 05:10:24 [http-nio-8080-exec-5] DEBUG o.s.security.web.FilterChainProxy - Securing GET /error?perfil=ADMIN
2026-09-13 05:10:24 [http-nio-8080-exec-5] DEBUG o.s.s.w.a.AnonymousAuthenticationFilter - Set SecurityContextHolder to anonymous SecurityContext
2026-09-13 05:10:24 [http-nio-8080-exec-5] DEBUG o.s.s.w.a.Http403ForbiddenEntryPoint - Pre-authenticated entry point called. Rejecting access
2026-09-13 05:10:24 [http-nio-8080-exec-10] DEBUG o.s.security.web.FilterChainProxy - Securing GET /api/usuarios?perfil=ADMIN
2026-09-13 05:10:24 [http-nio-8080-exec-10] WARN  c.e.P.security.JwtAuthFilter - Erro ao extrair email do token: JWT expired 454924468 milliseconds ago at 2026-09-08T01:48:20.000Z. Current time: 2026-09-13T08:10:24.468Z. Allowed clock skew: 0 milliseconds.
2026-09-13 05:10:24 [http-nio-8080-exec-10] DEBUG o.s.s.w.a.AnonymousAuthenticationFilter - Set SecurityContextHolder to anonymous SecurityContext
2026-09-13 05:10:24 [http-nio-8080-exec-10] DEBUG o.s.s.w.a.Http403ForbiddenEntryPoint - Pre-authenticated entry point called. Rejecting access
2026-09-13 05:10:24 [http-nio-8080-exec-10] DEBUG o.s.security.web.FilterChainProxy - Securing GET /error?perfil=ADMIN
2026-09-13 05:10:24 [http-nio-8080-exec-10] DEBUG o.s.s.w.a.AnonymousAuthenticationFilter - Set SecurityContextHolder to anonymous SecurityContext
2026-09-13 05:10:24 [http-nio-8080-exec-10] DEBUG o.s.s.w.a.Http403ForbiddenEntryPoint - Pre-authenticated entry point called. Rejecting access
2026-09-13 05:10:30 [http-nio-8080-exec-9] DEBUG o.s.security.web.FilterChainProxy - Securing GET /clientes.html
2026-09-13 05:10:30 [http-nio-8080-exec-9] DEBUG o.s.s.w.a.AnonymousAuthenticationFilter - Set SecurityContextHolder to anonymous SecurityContext
2026-09-13 05:10:30 [http-nio-8080-exec-9] DEBUG o.s.security.web.FilterChainProxy - Secured GET /clientes.html
2026-09-13 05:10:30 [http-nio-8080-exec-7] DEBUG o.s.security.web.FilterChainProxy - Securing GET /css/global.css
2026-09-13 05:10:30 [http-nio-8080-exec-3] DEBUG o.s.security.web.FilterChainProxy - Securing GET /css/sidebar.css
2026-09-13 05:10:30 [http-nio-8080-exec-8] DEBUG o.s.security.web.FilterChainProxy - Securing GET /css/clientes.css
2026-09-13 05:10:30 [http-nio-8080-exec-2] DEBUG o.s.security.web.FilterChainProxy - Securing GET /css/navbar.css
2026-09-13 05:10:30 [http-nio-8080-exec-4] DEBUG o.s.security.web.FilterChainProxy - Securing GET /css/modal-cliente.css
2026-09-13 05:10:30 [http-nio-8080-exec-1] DEBUG o.s.security.web.FilterChainProxy - Securing GET /css/loading.css
2026-09-13 05:10:30 [http-nio-8080-exec-7] DEBUG o.s.s.w.a.AnonymousAuthenticationFilter - Set SecurityContextHolder to anonymous SecurityContext
2026-09-13 05:10:30 [http-nio-8080-exec-3] DEBUG o.s.s.w.a.AnonymousAuthenticationFilter - Set SecurityContextHolder to anonymous SecurityContext
2026-09-13 05:10:30 [http-nio-8080-exec-3] DEBUG o.s.security.web.FilterChainProxy - Secured GET /css/sidebar.css
2026-09-13 05:10:30 [http-nio-8080-exec-8] DEBUG o.s.s.w.a.AnonymousAuthenticationFilter - Set SecurityContextHolder to anonymous SecurityContext
2026-09-13 05:10:30 [http-nio-8080-exec-2] DEBUG o.s.s.w.a.AnonymousAuthenticationFilter - Set SecurityContextHolder to anonymous SecurityContext
2026-09-13 05:10:30 [http-nio-8080-exec-4] DEBUG o.s.s.w.a.AnonymousAuthenticationFilter - Set SecurityContextHolder to anonymous SecurityContext
2026-09-13 05:10:30 [http-nio-8080-exec-1] DEBUG o.s.s.w.a.AnonymousAuthenticationFilter - Set SecurityContextHolder to anonymous SecurityContext
2026-09-13 05:10:30 [http-nio-8080-exec-7] DEBUG o.s.security.web.FilterChainProxy - Secured GET /css/global.css
2026-09-13 05:10:30 [http-nio-8080-exec-8] DEBUG o.s.security.web.FilterChainProxy - Secured GET /css/clientes.css
2026-09-13 05:10:30 [http-nio-8080-exec-2] DEBUG o.s.security.web.FilterChainProxy - Secured GET /css/navbar.css
2026-09-13 05:10:30 [http-nio-8080-exec-6] DEBUG o.s.security.web.FilterChainProxy - Securing GET /css/toast.css
2026-09-13 05:10:31 [http-nio-8080-exec-6] DEBUG o.s.s.w.a.AnonymousAuthenticationFilter - Set SecurityContextHolder to anonymous SecurityContext
2026-09-13 05:10:31 [http-nio-8080-exec-6] DEBUG o.s.security.web.FilterChainProxy - Secured GET /css/toast.css
2026-09-13 05:10:30 [http-nio-8080-exec-4] DEBUG o.s.security.web.FilterChainProxy - Secured GET /css/modal-cliente.css
2026-09-13 05:10:30 [http-nio-8080-exec-1] DEBUG o.s.security.web.FilterChainProxy - Secured GET /css/loading.css
2026-09-13 05:10:31 [http-nio-8080-exec-5] DEBUG o.s.security.web.FilterChainProxy - Securing GET /js/config.js
2026-09-13 05:10:31 [http-nio-8080-exec-10] DEBUG o.s.security.web.FilterChainProxy - Securing GET /js/util.js
2026-09-13 05:10:31 [http-nio-8080-exec-10] DEBUG o.s.s.w.a.AnonymousAuthenticationFilter - Set SecurityContextHolder to anonymous SecurityContext
2026-09-13 05:10:31 [http-nio-8080-exec-9] DEBUG o.s.security.web.FilterChainProxy - Securing GET /js/api.js
2026-09-13 05:10:31 [http-nio-8080-exec-3] DEBUG o.s.security.web.FilterChainProxy - Securing GET /js/auth.js
2026-09-13 05:10:31 [http-nio-8080-exec-7] DEBUG o.s.security.web.FilterChainProxy - Securing GET /js/sidebar.js
2026-09-13 05:10:31 [http-nio-8080-exec-2] DEBUG o.s.security.web.FilterChainProxy - Securing GET /js/loading.js
2026-09-13 05:10:31 [http-nio-8080-exec-5] DEBUG o.s.s.w.a.AnonymousAuthenticationFilter - Set SecurityContextHolder to anonymous SecurityContext
2026-09-13 05:10:31 [http-nio-8080-exec-10] DEBUG o.s.security.web.FilterChainProxy - Secured GET /js/util.js
2026-09-13 05:10:31 [http-nio-8080-exec-9] DEBUG o.s.s.w.a.AnonymousAuthenticationFilter - Set SecurityContextHolder to anonymous SecurityContext
2026-09-13 05:10:31 [http-nio-8080-exec-3] DEBUG o.s.s.w.a.AnonymousAuthenticationFilter - Set SecurityContextHolder to anonymous SecurityContext
2026-09-13 05:10:31 [http-nio-8080-exec-7] DEBUG o.s.s.w.a.AnonymousAuthenticationFilter - Set SecurityContextHolder to anonymous SecurityContext
2026-09-13 05:10:31 [http-nio-8080-exec-2] DEBUG o.s.s.w.a.AnonymousAuthenticationFilter - Set SecurityContextHolder to anonymous SecurityContext
2026-09-13 05:10:31 [http-nio-8080-exec-7] DEBUG o.s.security.web.FilterChainProxy - Secured GET /js/sidebar.js
2026-09-13 05:10:31 [http-nio-8080-exec-5] DEBUG o.s.security.web.FilterChainProxy - Secured GET /js/config.js
2026-09-13 05:10:31 [http-nio-8080-exec-6] DEBUG o.s.security.web.FilterChainProxy - Securing GET /js/toast.js
2026-09-13 05:10:31 [http-nio-8080-exec-9] DEBUG o.s.security.web.FilterChainProxy - Secured GET /js/api.js
2026-09-13 05:10:31 [http-nio-8080-exec-3] DEBUG o.s.security.web.FilterChainProxy - Secured GET /js/auth.js
2026-09-13 05:10:31 [http-nio-8080-exec-2] DEBUG o.s.security.web.FilterChainProxy - Secured GET /js/loading.js
2026-09-13 05:10:31 [http-nio-8080-exec-6] DEBUG o.s.s.w.a.AnonymousAuthenticationFilter - Set SecurityContextHolder to anonymous SecurityContext
2026-09-13 05:10:31 [http-nio-8080-exec-4] DEBUG o.s.security.web.FilterChainProxy - Securing GET /js/modal-cliente.js
2026-09-13 05:10:31 [http-nio-8080-exec-8] DEBUG o.s.security.web.FilterChainProxy - Securing GET /js/clientes.js
2026-09-13 05:10:31 [http-nio-8080-exec-6] DEBUG o.s.security.web.FilterChainProxy - Secured GET /js/toast.js
2026-09-13 05:10:31 [http-nio-8080-exec-4] DEBUG o.s.s.w.a.AnonymousAuthenticationFilter - Set SecurityContextHolder to anonymous SecurityContext
2026-09-13 05:10:31 [http-nio-8080-exec-8] DEBUG o.s.s.w.a.AnonymousAuthenticationFilter - Set SecurityContextHolder to anonymous SecurityContext
2026-09-13 05:10:31 [http-nio-8080-exec-4] DEBUG o.s.security.web.FilterChainProxy - Secured GET /js/modal-cliente.js
2026-09-13 05:10:31 [http-nio-8080-exec-8] DEBUG o.s.security.web.FilterChainProxy - Secured GET /js/clientes.js
2026-09-13 05:10:32 [http-nio-8080-exec-1] DEBUG o.s.security.web.FilterChainProxy - Securing GET /sidebar.html
2026-09-13 05:10:32 [http-nio-8080-exec-10] DEBUG o.s.security.web.FilterChainProxy - Securing GET /modal-cliente.html
2026-09-13 05:10:32 [http-nio-8080-exec-7] DEBUG o.s.security.web.FilterChainProxy - Securing GET /favicon.ico
2026-09-13 05:10:32 [http-nio-8080-exec-1] DEBUG o.s.s.w.a.AnonymousAuthenticationFilter - Set SecurityContextHolder to anonymous SecurityContext
2026-09-13 05:10:32 [http-nio-8080-exec-10] DEBUG o.s.s.w.a.AnonymousAuthenticationFilter - Set SecurityContextHolder to anonymous SecurityContext
2026-09-13 05:10:32 [http-nio-8080-exec-7] DEBUG o.s.s.w.a.AnonymousAuthenticationFilter - Set SecurityContextHolder to anonymous SecurityContext
2026-09-13 05:10:32 [http-nio-8080-exec-10] DEBUG o.s.security.web.FilterChainProxy - Secured GET /modal-cliente.html
2026-09-13 05:10:32 [http-nio-8080-exec-1] DEBUG o.s.security.web.FilterChainProxy - Secured GET /sidebar.html
2026-09-13 05:10:32 [http-nio-8080-exec-7] DEBUG o.s.s.w.a.Http403ForbiddenEntryPoint - Pre-authenticated entry point called. Rejecting access
2026-09-13 05:10:32 [http-nio-8080-exec-7] DEBUG o.s.security.web.FilterChainProxy - Securing GET /error
2026-09-13 05:10:32 [http-nio-8080-exec-7] DEBUG o.s.s.w.a.AnonymousAuthenticationFilter - Set SecurityContextHolder to anonymous SecurityContext
2026-09-13 05:10:32 [http-nio-8080-exec-7] DEBUG o.s.s.w.a.Http403ForbiddenEntryPoint - Pre-authenticated entry point called. Rejecting access
2026-09-13 05:10:32 [http-nio-8080-exec-5] DEBUG o.s.security.web.FilterChainProxy - Securing GET /api/clientes?page=0&size=10
2026-09-13 05:10:32 [http-nio-8080-exec-5] WARN  c.e.P.security.JwtAuthFilter - Erro ao extrair email do token: JWT expired 454932180 milliseconds ago at 2026-09-08T01:48:20.000Z. Current time: 2026-09-13T08:10:32.180Z. Allowed clock skew: 0 milliseconds.
2026-09-13 05:10:32 [http-nio-8080-exec-5] DEBUG o.s.s.w.a.AnonymousAuthenticationFilter - Set SecurityContextHolder to anonymous SecurityContext
2026-09-13 05:10:32 [http-nio-8080-exec-5] DEBUG o.s.s.w.a.Http403ForbiddenEntryPoint - Pre-authenticated entry point called. Rejecting access
2026-09-13 05:10:32 [http-nio-8080-exec-5] DEBUG o.s.security.web.FilterChainProxy - Securing GET /error?page=0&size=10
2026-09-13 05:10:32 [http-nio-8080-exec-5] DEBUG o.s.s.w.a.AnonymousAuthenticationFilter - Set SecurityContextHolder to anonymous SecurityContext
2026-09-13 05:10:32 [http-nio-8080-exec-5] DEBUG o.s.s.w.a.Http403ForbiddenEntryPoint - Pre-authenticated entry point called. Rejecting access
2026-09-13 05:10:50 [http-nio-8080-exec-9] DEBUG o.s.security.web.FilterChainProxy - Securing GET /produtos.html
2026-09-13 05:10:50 [http-nio-8080-exec-9] DEBUG o.s.s.w.a.AnonymousAuthenticationFilter - Set SecurityContextHolder to anonymous SecurityContext
2026-09-13 05:10:50 [http-nio-8080-exec-9] DEBUG o.s.security.web.FilterChainProxy - Secured GET /produtos.html
2026-09-13 05:10:51 [http-nio-8080-exec-3] DEBUG o.s.security.web.FilterChainProxy - Securing GET /css/global.css
2026-09-13 05:10:51 [http-nio-8080-exec-2] DEBUG o.s.security.web.FilterChainProxy - Securing GET /css/sidebar.css
2026-09-13 05:10:51 [http-nio-8080-exec-6] DEBUG o.s.security.web.FilterChainProxy - Securing GET /css/navbar.css
2026-09-13 05:10:51 [http-nio-8080-exec-4] DEBUG o.s.security.web.FilterChainProxy - Securing GET /css/produtos.css
2026-09-13 05:10:51 [http-nio-8080-exec-8] DEBUG o.s.security.web.FilterChainProxy - Securing GET /css/modal-produto.css
2026-09-13 05:10:51 [http-nio-8080-exec-1] DEBUG o.s.security.web.FilterChainProxy - Securing GET /css/loading.css
2026-09-13 05:10:51 [http-nio-8080-exec-3] DEBUG o.s.s.w.a.AnonymousAuthenticationFilter - Set SecurityContextHolder to anonymous SecurityContext
2026-09-13 05:10:51 [http-nio-8080-exec-2] DEBUG o.s.s.w.a.AnonymousAuthenticationFilter - Set SecurityContextHolder to anonymous SecurityContext
2026-09-13 05:10:52 [http-nio-8080-exec-6] DEBUG o.s.s.w.a.AnonymousAuthenticationFilter - Set SecurityContextHolder to anonymous SecurityContext
2026-09-13 05:10:52 [http-nio-8080-exec-4] DEBUG o.s.s.w.a.AnonymousAuthenticationFilter - Set SecurityContextHolder to anonymous SecurityContext
2026-09-13 05:10:52 [http-nio-8080-exec-8] DEBUG o.s.s.w.a.AnonymousAuthenticationFilter - Set SecurityContextHolder to anonymous SecurityContext
2026-09-13 05:10:52 [http-nio-8080-exec-1] DEBUG o.s.s.w.a.AnonymousAuthenticationFilter - Set SecurityContextHolder to anonymous SecurityContext
2026-09-13 05:10:52 [http-nio-8080-exec-3] DEBUG o.s.security.web.FilterChainProxy - Secured GET /css/global.css
2026-09-13 05:10:52 [http-nio-8080-exec-2] DEBUG o.s.security.web.FilterChainProxy - Secured GET /css/sidebar.css
2026-09-13 05:10:52 [http-nio-8080-exec-6] DEBUG o.s.security.web.FilterChainProxy - Secured GET /css/navbar.css
2026-09-13 05:10:52 [http-nio-8080-exec-4] DEBUG o.s.security.web.FilterChainProxy - Secured GET /css/produtos.css
2026-09-13 05:10:52 [http-nio-8080-exec-8] DEBUG o.s.security.web.FilterChainProxy - Secured GET /css/modal-produto.css
2026-09-13 05:10:52 [http-nio-8080-exec-1] DEBUG o.s.security.web.FilterChainProxy - Secured GET /css/loading.css
2026-09-13 05:10:52 [http-nio-8080-exec-10] DEBUG o.s.security.web.FilterChainProxy - Securing GET /css/toast.css
2026-09-13 05:10:52 [http-nio-8080-exec-7] DEBUG o.s.security.web.FilterChainProxy - Securing GET /js/config.js
2026-09-13 05:10:52 [http-nio-8080-exec-5] DEBUG o.s.security.web.FilterChainProxy - Securing GET /js/util.js
2026-09-13 05:10:52 [http-nio-8080-exec-9] DEBUG o.s.security.web.FilterChainProxy - Securing GET /js/api.js
2026-09-13 05:10:52 [http-nio-8080-exec-3] DEBUG o.s.security.web.FilterChainProxy - Securing GET /js/auth.js
2026-09-13 05:10:52 [http-nio-8080-exec-10] DEBUG o.s.s.w.a.AnonymousAuthenticationFilter - Set SecurityContextHolder to anonymous SecurityContext
2026-09-13 05:10:52 [http-nio-8080-exec-6] DEBUG o.s.security.web.FilterChainProxy - Securing GET /js/sidebar.js
2026-09-13 05:10:52 [http-nio-8080-exec-7] DEBUG o.s.s.w.a.AnonymousAuthenticationFilter - Set SecurityContextHolder to anonymous SecurityContext
2026-09-13 05:10:52 [http-nio-8080-exec-6] DEBUG o.s.s.w.a.AnonymousAuthenticationFilter - Set SecurityContextHolder to anonymous SecurityContext
2026-09-13 05:10:52 [http-nio-8080-exec-5] DEBUG o.s.s.w.a.AnonymousAuthenticationFilter - Set SecurityContextHolder to anonymous SecurityContext
2026-09-13 05:10:52 [http-nio-8080-exec-9] DEBUG o.s.s.w.a.AnonymousAuthenticationFilter - Set SecurityContextHolder to anonymous SecurityContext
2026-09-13 05:10:52 [http-nio-8080-exec-3] DEBUG o.s.s.w.a.AnonymousAuthenticationFilter - Set SecurityContextHolder to anonymous SecurityContext
2026-09-13 05:10:52 [http-nio-8080-exec-10] DEBUG o.s.security.web.FilterChainProxy - Secured GET /css/toast.css
2026-09-13 05:10:52 [http-nio-8080-exec-7] DEBUG o.s.security.web.FilterChainProxy - Secured GET /js/config.js
2026-09-13 05:10:52 [http-nio-8080-exec-6] DEBUG o.s.security.web.FilterChainProxy - Secured GET /js/sidebar.js
2026-09-13 05:10:52 [http-nio-8080-exec-5] DEBUG o.s.security.web.FilterChainProxy - Secured GET /js/util.js
2026-09-13 05:10:52 [http-nio-8080-exec-9] DEBUG o.s.security.web.FilterChainProxy - Secured GET /js/api.js
2026-09-13 05:10:52 [http-nio-8080-exec-3] DEBUG o.s.security.web.FilterChainProxy - Secured GET /js/auth.js
2026-09-13 05:10:52 [http-nio-8080-exec-10] DEBUG o.s.security.web.FilterChainProxy - Securing GET /js/loading.js
2026-09-13 05:10:52 [http-nio-8080-exec-2] DEBUG o.s.security.web.FilterChainProxy - Securing GET /js/toast.js
2026-09-13 05:10:52 [http-nio-8080-exec-6] DEBUG o.s.security.web.FilterChainProxy - Securing GET /js/modal-produto.js
2026-09-13 05:10:52 [http-nio-8080-exec-4] DEBUG o.s.security.web.FilterChainProxy - Securing GET /js/produtos.js
2026-09-13 05:10:53 [http-nio-8080-exec-10] DEBUG o.s.s.w.a.AnonymousAuthenticationFilter - Set SecurityContextHolder to anonymous SecurityContext
2026-09-13 05:10:53 [http-nio-8080-exec-2] DEBUG o.s.s.w.a.AnonymousAuthenticationFilter - Set SecurityContextHolder to anonymous SecurityContext
2026-09-13 05:10:53 [http-nio-8080-exec-6] DEBUG o.s.s.w.a.AnonymousAuthenticationFilter - Set SecurityContextHolder to anonymous SecurityContext
2026-09-13 05:10:53 [http-nio-8080-exec-4] DEBUG o.s.s.w.a.AnonymousAuthenticationFilter - Set SecurityContextHolder to anonymous SecurityContext
2026-09-13 05:10:53 [http-nio-8080-exec-10] DEBUG o.s.security.web.FilterChainProxy - Secured GET /js/loading.js
2026-09-13 05:10:53 [http-nio-8080-exec-2] DEBUG o.s.security.web.FilterChainProxy - Secured GET /js/toast.js
2026-09-13 05:10:53 [http-nio-8080-exec-6] DEBUG o.s.security.web.FilterChainProxy - Secured GET /js/modal-produto.js
2026-09-13 05:10:53 [http-nio-8080-exec-4] DEBUG o.s.security.web.FilterChainProxy - Secured GET /js/produtos.js
2026-09-13 05:10:53 [http-nio-8080-exec-1] DEBUG o.s.security.web.FilterChainProxy - Securing GET /sidebar.html
2026-09-13 05:10:53 [http-nio-8080-exec-8] DEBUG o.s.security.web.FilterChainProxy - Securing GET /api/produtos?page=0&size=10
2026-09-13 05:10:53 [http-nio-8080-exec-7] DEBUG o.s.security.web.FilterChainProxy - Securing GET /modal-produto.html
2026-09-13 05:10:53 [http-nio-8080-exec-5] DEBUG o.s.security.web.FilterChainProxy - Securing GET /favicon.ico
2026-09-13 05:10:53 [http-nio-8080-exec-1] DEBUG o.s.s.w.a.AnonymousAuthenticationFilter - Set SecurityContextHolder to anonymous SecurityContext
2026-09-13 05:10:53 [http-nio-8080-exec-8] WARN  c.e.P.security.JwtAuthFilter - Erro ao extrair email do token: JWT expired 454953992 milliseconds ago at 2026-09-08T01:48:20.000Z. Current time: 2026-09-13T08:10:53.992Z. Allowed clock skew: 0 milliseconds.
2026-09-13 05:10:53 [http-nio-8080-exec-7] DEBUG o.s.s.w.a.AnonymousAuthenticationFilter - Set SecurityContextHolder to anonymous SecurityContext
2026-09-13 05:10:54 [http-nio-8080-exec-5] DEBUG o.s.s.w.a.AnonymousAuthenticationFilter - Set SecurityContextHolder to anonymous SecurityContext
2026-09-13 05:10:54 [http-nio-8080-exec-7] DEBUG o.s.security.web.FilterChainProxy - Secured GET /modal-produto.html
2026-09-13 05:10:54 [http-nio-8080-exec-1] DEBUG o.s.security.web.FilterChainProxy - Secured GET /sidebar.html
2026-09-13 05:10:54 [http-nio-8080-exec-5] DEBUG o.s.s.w.a.Http403ForbiddenEntryPoint - Pre-authenticated entry point called. Rejecting access
2026-09-13 05:10:54 [http-nio-8080-exec-8] DEBUG o.s.s.w.a.AnonymousAuthenticationFilter - Set SecurityContextHolder to anonymous SecurityContext
2026-09-13 05:10:54 [http-nio-8080-exec-5] DEBUG o.s.security.web.FilterChainProxy - Securing GET /error
2026-09-13 05:10:54 [http-nio-8080-exec-8] DEBUG o.s.s.w.a.Http403ForbiddenEntryPoint - Pre-authenticated entry point called. Rejecting access
2026-09-13 05:10:54 [http-nio-8080-exec-5] DEBUG o.s.s.w.a.AnonymousAuthenticationFilter - Set SecurityContextHolder to anonymous SecurityContext
2026-09-13 05:10:54 [http-nio-8080-exec-8] DEBUG o.s.security.web.FilterChainProxy - Securing GET /error?page=0&size=10
2026-09-13 05:10:54 [http-nio-8080-exec-5] DEBUG o.s.s.w.a.Http403ForbiddenEntryPoint - Pre-authenticated entry point called. Rejecting access
2026-09-13 05:10:54 [http-nio-8080-exec-8] DEBUG o.s.s.w.a.AnonymousAuthenticationFilter - Set SecurityContextHolder to anonymous SecurityContext
2026-09-13 05:10:54 [http-nio-8080-exec-8] DEBUG o.s.s.w.a.Http403ForbiddenEntryPoint - Pre-authenticated entry point called. Rejecting access
2026-09-13 05:10:54 [http-nio-8080-exec-9] DEBUG o.s.security.web.FilterChainProxy - Securing GET /api/produtos?page=0&size=10
2026-09-13 05:10:54 [http-nio-8080-exec-9] WARN  c.e.P.security.JwtAuthFilter - Erro ao extrair email do token: JWT expired 454954143 milliseconds ago at 2026-09-08T01:48:20.000Z. Current time: 2026-09-13T08:10:54.143Z. Allowed clock skew: 0 milliseconds.
2026-09-13 05:10:54 [http-nio-8080-exec-9] DEBUG o.s.s.w.a.AnonymousAuthenticationFilter - Set SecurityContextHolder to anonymous SecurityContext
2026-09-13 05:10:54 [http-nio-8080-exec-9] DEBUG o.s.s.w.a.Http403ForbiddenEntryPoint - Pre-authenticated entry point called. Rejecting access
2026-09-13 05:10:54 [http-nio-8080-exec-9] DEBUG o.s.security.web.FilterChainProxy - Securing GET /error?page=0&size=10
2026-09-13 05:10:54 [http-nio-8080-exec-9] DEBUG o.s.s.w.a.AnonymousAuthenticationFilter - Set SecurityContextHolder to anonymous SecurityContext
2026-09-13 05:10:54 [http-nio-8080-exec-9] DEBUG o.s.s.w.a.Http403ForbiddenEntryPoint - Pre-authenticated entry point called. Rejecting access
2026-09-13 05:11:08 [http-nio-8080-exec-3] DEBUG o.s.security.web.FilterChainProxy - Securing GET /api/produtos/categorias
2026-09-13 05:11:08 [http-nio-8080-exec-3] WARN  c.e.P.security.JwtAuthFilter - Erro ao extrair email do token: JWT expired 454968107 milliseconds ago at 2026-09-08T01:48:20.000Z. Current time: 2026-09-13T08:11:08.107Z. Allowed clock skew: 0 milliseconds.
2026-09-13 05:11:08 [http-nio-8080-exec-3] DEBUG o.s.s.w.a.AnonymousAuthenticationFilter - Set SecurityContextHolder to anonymous SecurityContext
2026-09-13 05:11:08 [http-nio-8080-exec-3] DEBUG o.s.s.w.a.Http403ForbiddenEntryPoint - Pre-authenticated entry point called. Rejecting access
2026-09-13 05:11:08 [http-nio-8080-exec-3] DEBUG o.s.security.web.FilterChainProxy - Securing GET /error
2026-09-13 05:11:08 [http-nio-8080-exec-3] DEBUG o.s.s.w.a.AnonymousAuthenticationFilter - Set SecurityContextHolder to anonymous SecurityContext
2026-09-13 05:11:08 [http-nio-8080-exec-3] DEBUG o.s.s.w.a.Http403ForbiddenEntryPoint - Pre-authenticated entry point called. Rejecting access
2026-09-13 05:11:08 [http-nio-8080-exec-10] DEBUG o.s.security.web.FilterChainProxy - Securing GET /api/fornecedores
2026-09-13 05:11:08 [http-nio-8080-exec-10] WARN  c.e.P.security.JwtAuthFilter - Erro ao extrair email do token: JWT expired 454968590 milliseconds ago at 2026-09-08T01:48:20.000Z. Current time: 2026-09-13T08:11:08.590Z. Allowed clock skew: 0 milliseconds.
2026-09-13 05:11:08 [http-nio-8080-exec-10] DEBUG o.s.s.w.a.AnonymousAuthenticationFilter - Set SecurityContextHolder to anonymous SecurityContext
2026-09-13 05:11:08 [http-nio-8080-exec-10] DEBUG o.s.s.w.a.Http403ForbiddenEntryPoint - Pre-authenticated entry point called. Rejecting access
2026-09-13 05:11:08 [http-nio-8080-exec-10] DEBUG o.s.security.web.FilterChainProxy - Securing GET /error
2026-09-13 05:11:08 [http-nio-8080-exec-10] DEBUG o.s.s.w.a.AnonymousAuthenticationFilter - Set SecurityContextHolder to anonymous SecurityContext
2026-09-13 05:11:08 [http-nio-8080-exec-10] DEBUG o.s.s.w.a.Http403ForbiddenEntryPoint - Pre-authenticated entry point called. Rejecting access
2026-09-13 05:11:23 [http-nio-8080-exec-8] DEBUG o.s.security.web.FilterChainProxy - Securing GET /os.html
2026-09-13 05:11:23 [http-nio-8080-exec-8] DEBUG o.s.s.w.a.AnonymousAuthenticationFilter - Set SecurityContextHolder to anonymous SecurityContext
2026-09-13 05:11:23 [http-nio-8080-exec-8] DEBUG o.s.security.web.FilterChainProxy - Secured GET /os.html
2026-09-13 05:11:24 [http-nio-8080-exec-7] DEBUG o.s.security.web.FilterChainProxy - Securing GET /css/layout.css
2026-09-13 05:11:24 [http-nio-8080-exec-9] DEBUG o.s.security.web.FilterChainProxy - Securing GET /css/os.css
2026-09-13 05:11:24 [http-nio-8080-exec-7] DEBUG o.s.s.w.a.AnonymousAuthenticationFilter - Set SecurityContextHolder to anonymous SecurityContext
2026-09-13 05:11:24 [http-nio-8080-exec-3] DEBUG o.s.security.web.FilterChainProxy - Securing GET /js/config.js
2026-09-13 05:11:24 [http-nio-8080-exec-2] DEBUG o.s.security.web.FilterChainProxy - Securing GET /js/api.js
2026-09-13 05:11:24 [http-nio-8080-exec-10] DEBUG o.s.security.web.FilterChainProxy - Securing GET /js/sidebar.js
2026-09-13 05:11:24 [http-nio-8080-exec-6] DEBUG o.s.security.web.FilterChainProxy - Securing GET /js/auth.js
2026-09-13 05:11:24 [http-nio-8080-exec-9] DEBUG o.s.s.w.a.AnonymousAuthenticationFilter - Set SecurityContextHolder to anonymous SecurityContext
2026-09-13 05:11:24 [http-nio-8080-exec-7] DEBUG o.s.security.web.FilterChainProxy - Secured GET /css/layout.css
2026-09-13 05:11:24 [http-nio-8080-exec-3] DEBUG o.s.s.w.a.AnonymousAuthenticationFilter - Set SecurityContextHolder to anonymous SecurityContext
2026-09-13 05:11:24 [http-nio-8080-exec-10] DEBUG o.s.s.w.a.AnonymousAuthenticationFilter - Set SecurityContextHolder to anonymous SecurityContext
2026-09-13 05:11:24 [http-nio-8080-exec-2] DEBUG o.s.s.w.a.AnonymousAuthenticationFilter - Set SecurityContextHolder to anonymous SecurityContext
2026-09-13 05:11:24 [http-nio-8080-exec-6] DEBUG o.s.s.w.a.AnonymousAuthenticationFilter - Set SecurityContextHolder to anonymous SecurityContext
2026-09-13 05:11:24 [http-nio-8080-exec-9] DEBUG o.s.security.web.FilterChainProxy - Secured GET /css/os.css
2026-09-13 05:11:25 [http-nio-8080-exec-3] DEBUG o.s.security.web.FilterChainProxy - Secured GET /js/config.js
2026-09-13 05:11:25 [http-nio-8080-exec-10] DEBUG o.s.security.web.FilterChainProxy - Secured GET /js/sidebar.js
2026-09-13 05:11:25 [http-nio-8080-exec-2] DEBUG o.s.security.web.FilterChainProxy - Secured GET /js/api.js
2026-09-13 05:11:25 [http-nio-8080-exec-6] DEBUG o.s.security.web.FilterChainProxy - Secured GET /js/auth.js
2026-09-13 05:11:25 [http-nio-8080-exec-4] DEBUG o.s.security.web.FilterChainProxy - Securing GET /js/loading.js
2026-09-13 05:11:25 [http-nio-8080-exec-5] DEBUG o.s.security.web.FilterChainProxy - Securing GET /js/modal-os.js
2026-09-13 05:11:25 [http-nio-8080-exec-1] DEBUG o.s.security.web.FilterChainProxy - Securing GET /js/os.js
2026-09-13 05:11:25 [http-nio-8080-exec-4] DEBUG o.s.s.w.a.AnonymousAuthenticationFilter - Set SecurityContextHolder to anonymous SecurityContext
2026-09-13 05:11:25 [http-nio-8080-exec-5] DEBUG o.s.s.w.a.AnonymousAuthenticationFilter - Set SecurityContextHolder to anonymous SecurityContext
2026-09-13 05:11:25 [http-nio-8080-exec-1] DEBUG o.s.s.w.a.AnonymousAuthenticationFilter - Set SecurityContextHolder to anonymous SecurityContext
2026-09-13 05:11:25 [http-nio-8080-exec-4] DEBUG o.s.security.web.FilterChainProxy - Secured GET /js/loading.js
2026-09-13 05:11:25 [http-nio-8080-exec-5] DEBUG o.s.security.web.FilterChainProxy - Secured GET /js/modal-os.js
2026-09-13 05:11:25 [http-nio-8080-exec-1] DEBUG o.s.security.web.FilterChainProxy - Secured GET /js/os.js
2026-09-13 05:11:26 [http-nio-8080-exec-8] DEBUG o.s.security.web.FilterChainProxy - Securing GET /sidebar.html
2026-09-13 05:11:26 [http-nio-8080-exec-7] DEBUG o.s.security.web.FilterChainProxy - Securing GET /api/ordens-servico/filtros?page=0&size=10
2026-09-13 05:11:26 [http-nio-8080-exec-9] DEBUG o.s.security.web.FilterChainProxy - Securing GET /favicon.ico
2026-09-13 05:11:26 [http-nio-8080-exec-8] DEBUG o.s.s.w.a.AnonymousAuthenticationFilter - Set SecurityContextHolder to anonymous SecurityContext
2026-09-13 05:11:26 [http-nio-8080-exec-9] DEBUG o.s.s.w.a.AnonymousAuthenticationFilter - Set SecurityContextHolder to anonymous SecurityContext
2026-09-13 05:11:26 [http-nio-8080-exec-7] WARN  c.e.P.security.JwtAuthFilter - Erro ao extrair email do token: JWT expired 454986068 milliseconds ago at 2026-09-08T01:48:20.000Z. Current time: 2026-09-13T08:11:26.068Z. Allowed clock skew: 0 milliseconds.
2026-09-13 05:11:26 [http-nio-8080-exec-8] DEBUG o.s.security.web.FilterChainProxy - Secured GET /sidebar.html
2026-09-13 05:11:26 [http-nio-8080-exec-9] DEBUG o.s.s.w.a.Http403ForbiddenEntryPoint - Pre-authenticated entry point called. Rejecting access
2026-09-13 05:11:26 [http-nio-8080-exec-7] DEBUG o.s.s.w.a.AnonymousAuthenticationFilter - Set SecurityContextHolder to anonymous SecurityContext
2026-09-13 05:11:26 [http-nio-8080-exec-9] DEBUG o.s.security.web.FilterChainProxy - Securing GET /error
2026-09-13 05:11:26 [http-nio-8080-exec-7] DEBUG o.s.s.w.a.Http403ForbiddenEntryPoint - Pre-authenticated entry point called. Rejecting access
2026-09-13 05:11:26 [http-nio-8080-exec-9] DEBUG o.s.s.w.a.AnonymousAuthenticationFilter - Set SecurityContextHolder to anonymous SecurityContext
2026-09-13 05:11:26 [http-nio-8080-exec-9] DEBUG o.s.s.w.a.Http403ForbiddenEntryPoint - Pre-authenticated entry point called. Rejecting access
2026-09-13 05:11:26 [http-nio-8080-exec-7] DEBUG o.s.security.web.FilterChainProxy - Securing GET /error?page=0&size=10
2026-09-13 05:11:26 [http-nio-8080-exec-7] DEBUG o.s.s.w.a.AnonymousAuthenticationFilter - Set SecurityContextHolder to anonymous SecurityContext
2026-09-13 05:11:26 [http-nio-8080-exec-7] DEBUG o.s.s.w.a.Http403ForbiddenEntryPoint - Pre-authenticated entry point called. Rejecting access
2026-09-13 05:11:43 [http-nio-8080-exec-3] DEBUG o.s.security.web.FilterChainProxy - Securing GET /clientes.html
2026-09-13 05:11:43 [http-nio-8080-exec-3] DEBUG o.s.s.w.a.AnonymousAuthenticationFilter - Set SecurityContextHolder to anonymous SecurityContext
2026-09-13 05:11:43 [http-nio-8080-exec-3] DEBUG o.s.security.web.FilterChainProxy - Secured GET /clientes.html
2026-09-13 05:11:43 [http-nio-8080-exec-10] DEBUG o.s.security.web.FilterChainProxy - Securing GET /css/global.css
2026-09-13 05:11:43 [http-nio-8080-exec-2] DEBUG o.s.security.web.FilterChainProxy - Securing GET /css/sidebar.css
2026-09-13 05:11:43 [http-nio-8080-exec-6] DEBUG o.s.security.web.FilterChainProxy - Securing GET /css/navbar.css
2026-09-13 05:11:43 [http-nio-8080-exec-1] DEBUG o.s.security.web.FilterChainProxy - Securing GET /css/modal-cliente.css
2026-09-13 05:11:43 [http-nio-8080-exec-4] DEBUG o.s.security.web.FilterChainProxy - Securing GET /css/clientes.css
2026-09-13 05:11:43 [http-nio-8080-exec-5] DEBUG o.s.security.web.FilterChainProxy - Securing GET /css/loading.css
2026-09-13 05:11:43 [http-nio-8080-exec-10] DEBUG o.s.s.w.a.AnonymousAuthenticationFilter - Set SecurityContextHolder to anonymous SecurityContext
2026-09-13 05:11:43 [http-nio-8080-exec-2] DEBUG o.s.s.w.a.AnonymousAuthenticationFilter - Set SecurityContextHolder to anonymous SecurityContext
2026-09-13 05:11:43 [http-nio-8080-exec-6] DEBUG o.s.s.w.a.AnonymousAuthenticationFilter - Set SecurityContextHolder to anonymous SecurityContext
2026-09-13 05:11:43 [http-nio-8080-exec-1] DEBUG o.s.s.w.a.AnonymousAuthenticationFilter - Set SecurityContextHolder to anonymous SecurityContext
2026-09-13 05:11:43 [http-nio-8080-exec-4] DEBUG o.s.s.w.a.AnonymousAuthenticationFilter - Set SecurityContextHolder to anonymous SecurityContext
2026-09-13 05:11:43 [http-nio-8080-exec-5] DEBUG o.s.s.w.a.AnonymousAuthenticationFilter - Set SecurityContextHolder to anonymous SecurityContext
2026-09-13 05:11:43 [http-nio-8080-exec-10] DEBUG o.s.security.web.FilterChainProxy - Secured GET /css/global.css
2026-09-13 05:11:43 [http-nio-8080-exec-2] DEBUG o.s.security.web.FilterChainProxy - Secured GET /css/sidebar.css
2026-09-13 05:11:43 [http-nio-8080-exec-6] DEBUG o.s.security.web.FilterChainProxy - Secured GET /css/navbar.css
2026-09-13 05:11:43 [http-nio-8080-exec-1] DEBUG o.s.security.web.FilterChainProxy - Secured GET /css/modal-cliente.css
2026-09-13 05:11:43 [http-nio-8080-exec-4] DEBUG o.s.security.web.FilterChainProxy - Secured GET /css/clientes.css
2026-09-13 05:11:43 [http-nio-8080-exec-5] DEBUG o.s.security.web.FilterChainProxy - Secured GET /css/loading.css
2026-09-13 05:11:43 [http-nio-8080-exec-8] DEBUG o.s.security.web.FilterChainProxy - Securing GET /css/toast.css
2026-09-13 05:11:43 [http-nio-8080-exec-9] DEBUG o.s.security.web.FilterChainProxy - Securing GET /js/config.js
2026-09-13 05:11:43 [http-nio-8080-exec-7] DEBUG o.s.security.web.FilterChainProxy - Securing GET /js/util.js
2026-09-13 05:11:44 [http-nio-8080-exec-3] DEBUG o.s.security.web.FilterChainProxy - Securing GET /js/api.js
2026-09-13 05:11:44 [http-nio-8080-exec-4] DEBUG o.s.security.web.FilterChainProxy - Securing GET /js/auth.js
2026-09-13 05:11:44 [http-nio-8080-exec-3] DEBUG o.s.s.w.a.AnonymousAuthenticationFilter - Set SecurityContextHolder to anonymous SecurityContext
2026-09-13 05:11:44 [http-nio-8080-exec-8] DEBUG o.s.s.w.a.AnonymousAuthenticationFilter - Set SecurityContextHolder to anonymous SecurityContext
2026-09-13 05:11:44 [http-nio-8080-exec-5] DEBUG o.s.security.web.FilterChainProxy - Securing GET /js/sidebar.js
2026-09-13 05:11:44 [http-nio-8080-exec-9] DEBUG o.s.s.w.a.AnonymousAuthenticationFilter - Set SecurityContextHolder to anonymous SecurityContext
2026-09-13 05:11:44 [http-nio-8080-exec-7] DEBUG o.s.s.w.a.AnonymousAuthenticationFilter - Set SecurityContextHolder to anonymous SecurityContext
2026-09-13 05:11:44 [http-nio-8080-exec-4] DEBUG o.s.s.w.a.AnonymousAuthenticationFilter - Set SecurityContextHolder to anonymous SecurityContext
2026-09-13 05:11:44 [http-nio-8080-exec-3] DEBUG o.s.security.web.FilterChainProxy - Secured GET /js/api.js
2026-09-13 05:11:44 [http-nio-8080-exec-8] DEBUG o.s.security.web.FilterChainProxy - Secured GET /css/toast.css
2026-09-13 05:11:44 [http-nio-8080-exec-5] DEBUG o.s.s.w.a.AnonymousAuthenticationFilter - Set SecurityContextHolder to anonymous SecurityContext
2026-09-13 05:11:44 [http-nio-8080-exec-9] DEBUG o.s.security.web.FilterChainProxy - Secured GET /js/config.js
2026-09-13 05:11:44 [http-nio-8080-exec-7] DEBUG o.s.security.web.FilterChainProxy - Secured GET /js/util.js
2026-09-13 05:11:44 [http-nio-8080-exec-4] DEBUG o.s.security.web.FilterChainProxy - Secured GET /js/auth.js
2026-09-13 05:11:44 [http-nio-8080-exec-5] DEBUG o.s.security.web.FilterChainProxy - Secured GET /js/sidebar.js
2026-09-13 05:11:44 [http-nio-8080-exec-9] DEBUG o.s.security.web.FilterChainProxy - Securing GET /js/loading.js
2026-09-13 05:11:44 [http-nio-8080-exec-2] DEBUG o.s.security.web.FilterChainProxy - Securing GET /js/toast.js
2026-09-13 05:11:44 [http-nio-8080-exec-6] DEBUG o.s.security.web.FilterChainProxy - Securing GET /js/modal-cliente.js
2026-09-13 05:11:44 [http-nio-8080-exec-1] DEBUG o.s.security.web.FilterChainProxy - Securing GET /js/clientes.js
2026-09-13 05:11:44 [http-nio-8080-exec-2] DEBUG o.s.s.w.a.AnonymousAuthenticationFilter - Set SecurityContextHolder to anonymous SecurityContext
2026-09-13 05:11:44 [http-nio-8080-exec-9] DEBUG o.s.s.w.a.AnonymousAuthenticationFilter - Set SecurityContextHolder to anonymous SecurityContext
2026-09-13 05:11:44 [http-nio-8080-exec-6] DEBUG o.s.s.w.a.AnonymousAuthenticationFilter - Set SecurityContextHolder to anonymous SecurityContext
2026-09-13 05:11:44 [http-nio-8080-exec-1] DEBUG o.s.s.w.a.AnonymousAuthenticationFilter - Set SecurityContextHolder to anonymous SecurityContext
2026-09-13 05:11:44 [http-nio-8080-exec-2] DEBUG o.s.security.web.FilterChainProxy - Secured GET /js/toast.js
2026-09-13 05:11:44 [http-nio-8080-exec-9] DEBUG o.s.security.web.FilterChainProxy - Secured GET /js/loading.js
2026-09-13 05:11:44 [http-nio-8080-exec-6] DEBUG o.s.security.web.FilterChainProxy - Secured GET /js/modal-cliente.js
2026-09-13 05:11:44 [http-nio-8080-exec-1] DEBUG o.s.security.web.FilterChainProxy - Secured GET /js/clientes.js
2026-09-13 05:11:45 [http-nio-8080-exec-3] DEBUG o.s.security.web.FilterChainProxy - Securing GET /sidebar.html
2026-09-13 05:11:45 [http-nio-8080-exec-8] DEBUG o.s.security.web.FilterChainProxy - Securing GET /modal-cliente.html
2026-09-13 05:11:45 [http-nio-8080-exec-10] DEBUG o.s.security.web.FilterChainProxy - Securing GET /favicon.ico
2026-09-13 05:11:45 [http-nio-8080-exec-3] DEBUG o.s.s.w.a.AnonymousAuthenticationFilter - Set SecurityContextHolder to anonymous SecurityContext
2026-09-13 05:11:45 [http-nio-8080-exec-8] DEBUG o.s.s.w.a.AnonymousAuthenticationFilter - Set SecurityContextHolder to anonymous SecurityContext
2026-09-13 05:11:45 [http-nio-8080-exec-3] DEBUG o.s.security.web.FilterChainProxy - Secured GET /sidebar.html
2026-09-13 05:11:45 [http-nio-8080-exec-10] DEBUG o.s.s.w.a.AnonymousAuthenticationFilter - Set SecurityContextHolder to anonymous SecurityContext
2026-09-13 05:11:45 [http-nio-8080-exec-8] DEBUG o.s.security.web.FilterChainProxy - Secured GET /modal-cliente.html
2026-09-13 05:11:45 [http-nio-8080-exec-10] DEBUG o.s.s.w.a.Http403ForbiddenEntryPoint - Pre-authenticated entry point called. Rejecting access
2026-09-13 05:11:45 [http-nio-8080-exec-4] DEBUG o.s.security.web.FilterChainProxy - Securing GET /api/clientes?page=0&size=10
2026-09-13 05:11:45 [http-nio-8080-exec-10] DEBUG o.s.security.web.FilterChainProxy - Securing GET /error
2026-09-13 05:11:45 [http-nio-8080-exec-10] DEBUG o.s.s.w.a.AnonymousAuthenticationFilter - Set SecurityContextHolder to anonymous SecurityContext
2026-09-13 05:11:45 [http-nio-8080-exec-4] WARN  c.e.P.security.JwtAuthFilter - Erro ao extrair email do token: JWT expired 455005432 milliseconds ago at 2026-09-08T01:48:20.000Z. Current time: 2026-09-13T08:11:45.432Z. Allowed clock skew: 0 milliseconds.
2026-09-13 05:11:45 [http-nio-8080-exec-10] DEBUG o.s.s.w.a.Http403ForbiddenEntryPoint - Pre-authenticated entry point called. Rejecting access
2026-09-13 05:11:45 [http-nio-8080-exec-4] DEBUG o.s.s.w.a.AnonymousAuthenticationFilter - Set SecurityContextHolder to anonymous SecurityContext
2026-09-13 05:11:45 [http-nio-8080-exec-4] DEBUG o.s.s.w.a.Http403ForbiddenEntryPoint - Pre-authenticated entry point called. Rejecting access
2026-09-13 05:11:45 [http-nio-8080-exec-4] DEBUG o.s.security.web.FilterChainProxy - Securing GET /error?page=0&size=10
2026-09-13 05:11:45 [http-nio-8080-exec-4] DEBUG o.s.s.w.a.AnonymousAuthenticationFilter - Set SecurityContextHolder to anonymous SecurityContext
2026-09-13 05:11:45 [http-nio-8080-exec-4] DEBUG o.s.s.w.a.Http403ForbiddenEntryPoint - Pre-authenticated entry point called. Rejecting access
2026-09-13 05:11:48 [http-nio-8080-exec-7] DEBUG o.s.security.web.FilterChainProxy - Securing GET /dashboard.html
2026-09-13 05:11:48 [http-nio-8080-exec-7] DEBUG o.s.s.w.a.AnonymousAuthenticationFilter - Set SecurityContextHolder to anonymous SecurityContext
2026-09-13 05:11:48 [http-nio-8080-exec-7] DEBUG o.s.security.web.FilterChainProxy - Secured GET /dashboard.html
2026-09-13 05:11:49 [http-nio-8080-exec-5] DEBUG o.s.security.web.FilterChainProxy - Securing GET /css/global.css
2026-09-13 05:11:49 [http-nio-8080-exec-6] DEBUG o.s.security.web.FilterChainProxy - Securing GET /css/toast.css
2026-09-13 05:11:49 [http-nio-8080-exec-9] DEBUG o.s.security.web.FilterChainProxy - Securing GET /css/dashboard.css
2026-09-13 05:11:49 [http-nio-8080-exec-2] DEBUG o.s.security.web.FilterChainProxy - Securing GET /css/sidebar.css
2026-09-13 05:11:49 [http-nio-8080-exec-1] DEBUG o.s.security.web.FilterChainProxy - Securing GET /js/config.js
2026-09-13 05:11:49 [http-nio-8080-exec-3] DEBUG o.s.security.web.FilterChainProxy - Securing GET /js/api.js
2026-09-13 05:11:49 [http-nio-8080-exec-5] DEBUG o.s.s.w.a.AnonymousAuthenticationFilter - Set SecurityContextHolder to anonymous SecurityContext
2026-09-13 05:11:49 [http-nio-8080-exec-6] DEBUG o.s.s.w.a.AnonymousAuthenticationFilter - Set SecurityContextHolder to anonymous SecurityContext
2026-09-13 05:11:49 [http-nio-8080-exec-9] DEBUG o.s.s.w.a.AnonymousAuthenticationFilter - Set SecurityContextHolder to anonymous SecurityContext
2026-09-13 05:11:49 [http-nio-8080-exec-2] DEBUG o.s.s.w.a.AnonymousAuthenticationFilter - Set SecurityContextHolder to anonymous SecurityContext
2026-09-13 05:11:49 [http-nio-8080-exec-1] DEBUG o.s.s.w.a.AnonymousAuthenticationFilter - Set SecurityContextHolder to anonymous SecurityContext
2026-09-13 05:11:49 [http-nio-8080-exec-3] DEBUG o.s.s.w.a.AnonymousAuthenticationFilter - Set SecurityContextHolder to anonymous SecurityContext
2026-09-13 05:11:49 [http-nio-8080-exec-5] DEBUG o.s.security.web.FilterChainProxy - Secured GET /css/global.css
2026-09-13 05:11:49 [http-nio-8080-exec-6] DEBUG o.s.security.web.FilterChainProxy - Secured GET /css/toast.css
2026-09-13 05:11:49 [http-nio-8080-exec-9] DEBUG o.s.security.web.FilterChainProxy - Secured GET /css/dashboard.css
2026-09-13 05:11:49 [http-nio-8080-exec-2] DEBUG o.s.security.web.FilterChainProxy - Secured GET /css/sidebar.css
2026-09-13 05:11:49 [http-nio-8080-exec-1] DEBUG o.s.security.web.FilterChainProxy - Secured GET /js/config.js
2026-09-13 05:11:49 [http-nio-8080-exec-3] DEBUG o.s.security.web.FilterChainProxy - Secured GET /js/api.js
2026-09-13 05:11:49 [http-nio-8080-exec-8] DEBUG o.s.security.web.FilterChainProxy - Securing GET /js/auth.js
2026-09-13 05:11:49 [http-nio-8080-exec-10] DEBUG o.s.security.web.FilterChainProxy - Securing GET /js/util.js
2026-09-13 05:11:49 [http-nio-8080-exec-5] DEBUG o.s.security.web.FilterChainProxy - Securing GET /js/loading.js
2026-09-13 05:11:49 [http-nio-8080-exec-2] DEBUG o.s.security.web.FilterChainProxy - Securing GET /js/toast.js
2026-09-13 05:11:49 [http-nio-8080-exec-4] DEBUG o.s.security.web.FilterChainProxy - Securing GET /js/sidebar.js
2026-09-13 05:11:49 [http-nio-8080-exec-3] DEBUG o.s.security.web.FilterChainProxy - Securing GET /js/dashboard.js
2026-09-13 05:11:50 [http-nio-8080-exec-8] DEBUG o.s.s.w.a.AnonymousAuthenticationFilter - Set SecurityContextHolder to anonymous SecurityContext
2026-09-13 05:11:50 [http-nio-8080-exec-10] DEBUG o.s.s.w.a.AnonymousAuthenticationFilter - Set SecurityContextHolder to anonymous SecurityContext
2026-09-13 05:11:50 [http-nio-8080-exec-5] DEBUG o.s.s.w.a.AnonymousAuthenticationFilter - Set SecurityContextHolder to anonymous SecurityContext
2026-09-13 05:11:50 [http-nio-8080-exec-2] DEBUG o.s.s.w.a.AnonymousAuthenticationFilter - Set SecurityContextHolder to anonymous SecurityContext
2026-09-13 05:11:50 [http-nio-8080-exec-4] DEBUG o.s.s.w.a.AnonymousAuthenticationFilter - Set SecurityContextHolder to anonymous SecurityContext
2026-09-13 05:11:50 [http-nio-8080-exec-3] DEBUG o.s.s.w.a.AnonymousAuthenticationFilter - Set SecurityContextHolder to anonymous SecurityContext
2026-09-13 05:11:50 [http-nio-8080-exec-8] DEBUG o.s.security.web.FilterChainProxy - Secured GET /js/auth.js
2026-09-13 05:11:50 [http-nio-8080-exec-10] DEBUG o.s.security.web.FilterChainProxy - Secured GET /js/util.js
2026-09-13 05:11:50 [http-nio-8080-exec-5] DEBUG o.s.security.web.FilterChainProxy - Secured GET /js/loading.js
2026-09-13 05:11:51 [http-nio-8080-exec-2] DEBUG o.s.security.web.FilterChainProxy - Secured GET /js/toast.js
2026-09-13 05:11:51 [http-nio-8080-exec-4] DEBUG o.s.security.web.FilterChainProxy - Secured GET /js/sidebar.js
2026-09-13 05:11:51 [http-nio-8080-exec-3] DEBUG o.s.security.web.FilterChainProxy - Secured GET /js/dashboard.js
2026-09-13 05:11:51 [http-nio-8080-exec-7] DEBUG o.s.security.web.FilterChainProxy - Securing GET /sidebar.html
2026-09-13 05:11:51 [http-nio-8080-exec-6] DEBUG o.s.security.web.FilterChainProxy - Securing GET /api/dashboard
2026-09-13 05:11:51 [http-nio-8080-exec-9] DEBUG o.s.security.web.FilterChainProxy - Securing GET /api/usuarios/me
2026-09-13 05:11:51 [http-nio-8080-exec-1] DEBUG o.s.security.web.FilterChainProxy - Securing GET /favicon.ico
2026-09-13 05:11:51 [http-nio-8080-exec-7] DEBUG o.s.s.w.a.AnonymousAuthenticationFilter - Set SecurityContextHolder to anonymous SecurityContext
2026-09-13 05:11:51 [http-nio-8080-exec-6] WARN  c.e.P.security.JwtAuthFilter - Erro ao extrair email do token: JWT expired 455011197 milliseconds ago at 2026-09-08T01:48:20.000Z. Current time: 2026-09-13T08:11:51.197Z. Allowed clock skew: 0 milliseconds.
2026-09-13 05:11:51 [http-nio-8080-exec-9] WARN  c.e.P.security.JwtAuthFilter - Erro ao extrair email do token: JWT expired 455011207 milliseconds ago at 2026-09-08T01:48:20.000Z. Current time: 2026-09-13T08:11:51.207Z. Allowed clock skew: 0 milliseconds.
2026-09-13 05:11:51 [http-nio-8080-exec-1] DEBUG o.s.s.w.a.AnonymousAuthenticationFilter - Set SecurityContextHolder to anonymous SecurityContext
2026-09-13 05:11:51 [http-nio-8080-exec-7] DEBUG o.s.security.web.FilterChainProxy - Secured GET /sidebar.html
2026-09-13 05:11:51 [http-nio-8080-exec-6] DEBUG o.s.s.w.a.AnonymousAuthenticationFilter - Set SecurityContextHolder to anonymous SecurityContext
2026-09-13 05:11:51 [http-nio-8080-exec-9] DEBUG o.s.s.w.a.AnonymousAuthenticationFilter - Set SecurityContextHolder to anonymous SecurityContext
2026-09-13 05:11:51 [http-nio-8080-exec-1] DEBUG o.s.s.w.a.Http403ForbiddenEntryPoint - Pre-authenticated entry point called. Rejecting access
2026-09-13 05:11:51 [http-nio-8080-exec-6] DEBUG o.s.s.w.a.Http403ForbiddenEntryPoint - Pre-authenticated entry point called. Rejecting access
2026-09-13 05:11:51 [http-nio-8080-exec-9] DEBUG o.s.s.w.a.Http403ForbiddenEntryPoint - Pre-authenticated entry point called. Rejecting access
2026-09-13 05:11:51 [http-nio-8080-exec-1] DEBUG o.s.security.web.FilterChainProxy - Securing GET /error
2026-09-13 05:11:51 [http-nio-8080-exec-6] DEBUG o.s.security.web.FilterChainProxy - Securing GET /error
2026-09-13 05:11:51 [http-nio-8080-exec-9] DEBUG o.s.security.web.FilterChainProxy - Securing GET /error
2026-09-13 05:11:51 [http-nio-8080-exec-1] DEBUG o.s.s.w.a.AnonymousAuthenticationFilter - Set SecurityContextHolder to anonymous SecurityContext
2026-09-13 05:11:51 [http-nio-8080-exec-9] DEBUG o.s.s.w.a.AnonymousAuthenticationFilter - Set SecurityContextHolder to anonymous SecurityContext
2026-09-13 05:11:51 [http-nio-8080-exec-6] DEBUG o.s.s.w.a.AnonymousAuthenticationFilter - Set SecurityContextHolder to anonymous SecurityContext
2026-09-13 05:11:51 [http-nio-8080-exec-1] DEBUG o.s.s.w.a.Http403ForbiddenEntryPoint - Pre-authenticated entry point called. Rejecting access
2026-09-13 05:11:51 [http-nio-8080-exec-9] DEBUG o.s.s.w.a.Http403ForbiddenEntryPoint - Pre-authenticated entry point called. Rejecting access
2026-09-13 05:11:51 [http-nio-8080-exec-6] DEBUG o.s.s.w.a.Http403ForbiddenEntryPoint - Pre-authenticated entry point called. Rejecting access
2026-09-13 05:12:08 [http-nio-8080-exec-8] DEBUG o.s.security.web.FilterChainProxy - Securing GET /veiculos.html
2026-09-13 05:12:08 [http-nio-8080-exec-8] DEBUG o.s.s.w.a.AnonymousAuthenticationFilter - Set SecurityContextHolder to anonymous SecurityContext
2026-09-13 05:12:08 [http-nio-8080-exec-8] DEBUG o.s.security.web.FilterChainProxy - Secured GET /veiculos.html
2026-09-13 05:12:08 [http-nio-8080-exec-2] DEBUG o.s.security.web.FilterChainProxy - Securing GET /css/global.css
2026-09-13 05:12:08 [http-nio-8080-exec-5] DEBUG o.s.security.web.FilterChainProxy - Securing GET /css/sidebar.css
2026-09-13 05:12:08 [http-nio-8080-exec-4] DEBUG o.s.security.web.FilterChainProxy - Securing GET /css/veiculos.css
2026-09-13 05:12:08 [http-nio-8080-exec-3] DEBUG o.s.security.web.FilterChainProxy - Securing GET /css/toast.css
2026-09-13 05:12:08 [http-nio-8080-exec-10] DEBUG o.s.security.web.FilterChainProxy - Securing GET /js/config.js
2026-09-13 05:12:08 [http-nio-8080-exec-2] DEBUG o.s.s.w.a.AnonymousAuthenticationFilter - Set SecurityContextHolder to anonymous SecurityContext
2026-09-13 05:12:08 [http-nio-8080-exec-7] DEBUG o.s.security.web.FilterChainProxy - Securing GET /js/api.js
2026-09-13 05:12:08 [http-nio-8080-exec-5] DEBUG o.s.s.w.a.AnonymousAuthenticationFilter - Set SecurityContextHolder to anonymous SecurityContext
2026-09-13 05:12:08 [http-nio-8080-exec-4] DEBUG o.s.s.w.a.AnonymousAuthenticationFilter - Set SecurityContextHolder to anonymous SecurityContext
2026-09-13 05:12:08 [http-nio-8080-exec-3] DEBUG o.s.s.w.a.AnonymousAuthenticationFilter - Set SecurityContextHolder to anonymous SecurityContext
2026-09-13 05:12:08 [http-nio-8080-exec-10] DEBUG o.s.s.w.a.AnonymousAuthenticationFilter - Set SecurityContextHolder to anonymous SecurityContext
2026-09-13 05:12:08 [http-nio-8080-exec-2] DEBUG o.s.security.web.FilterChainProxy - Secured GET /css/global.css
2026-09-13 05:12:08 [http-nio-8080-exec-7] DEBUG o.s.s.w.a.AnonymousAuthenticationFilter - Set SecurityContextHolder to anonymous SecurityContext
2026-09-13 05:12:08 [http-nio-8080-exec-5] DEBUG o.s.security.web.FilterChainProxy - Secured GET /css/sidebar.css
2026-09-13 05:12:08 [http-nio-8080-exec-7] DEBUG o.s.security.web.FilterChainProxy - Secured GET /js/api.js
2026-09-13 05:12:08 [http-nio-8080-exec-4] DEBUG o.s.security.web.FilterChainProxy - Secured GET /css/veiculos.css
2026-09-13 05:12:08 [http-nio-8080-exec-3] DEBUG o.s.security.web.FilterChainProxy - Secured GET /css/toast.css
2026-09-13 05:12:08 [http-nio-8080-exec-10] DEBUG o.s.security.web.FilterChainProxy - Secured GET /js/config.js
2026-09-13 05:12:09 [http-nio-8080-exec-1] DEBUG o.s.security.web.FilterChainProxy - Securing GET /js/auth.js
2026-09-13 05:12:09 [http-nio-8080-exec-9] DEBUG o.s.security.web.FilterChainProxy - Securing GET /js/sidebar.js
2026-09-13 05:12:09 [http-nio-8080-exec-8] DEBUG o.s.security.web.FilterChainProxy - Securing GET /js/toast.js
2026-09-13 05:12:09 [http-nio-8080-exec-6] DEBUG o.s.security.web.FilterChainProxy - Securing GET /js/loading.js
2026-09-13 05:12:09 [http-nio-8080-exec-5] DEBUG o.s.security.web.FilterChainProxy - Securing GET /js/modal-veiculo.js
2026-09-13 05:12:09 [http-nio-8080-exec-1] DEBUG o.s.s.w.a.AnonymousAuthenticationFilter - Set SecurityContextHolder to anonymous SecurityContext
2026-09-13 05:12:09 [http-nio-8080-exec-9] DEBUG o.s.s.w.a.AnonymousAuthenticationFilter - Set SecurityContextHolder to anonymous SecurityContext
2026-09-13 05:12:09 [http-nio-8080-exec-8] DEBUG o.s.s.w.a.AnonymousAuthenticationFilter - Set SecurityContextHolder to anonymous SecurityContext
2026-09-13 05:12:09 [http-nio-8080-exec-6] DEBUG o.s.s.w.a.AnonymousAuthenticationFilter - Set SecurityContextHolder to anonymous SecurityContext
2026-09-13 05:12:09 [http-nio-8080-exec-5] DEBUG o.s.s.w.a.AnonymousAuthenticationFilter - Set SecurityContextHolder to anonymous SecurityContext
2026-09-13 05:12:09 [http-nio-8080-exec-1] DEBUG o.s.security.web.FilterChainProxy - Secured GET /js/auth.js
2026-09-13 05:12:09 [http-nio-8080-exec-9] DEBUG o.s.security.web.FilterChainProxy - Secured GET /js/sidebar.js
2026-09-13 05:12:09 [http-nio-8080-exec-8] DEBUG o.s.security.web.FilterChainProxy - Secured GET /js/toast.js
2026-09-13 05:12:09 [http-nio-8080-exec-6] DEBUG o.s.security.web.FilterChainProxy - Secured GET /js/loading.js
2026-09-13 05:12:09 [http-nio-8080-exec-5] DEBUG o.s.security.web.FilterChainProxy - Secured GET /js/modal-veiculo.js
2026-09-13 05:12:09 [http-nio-8080-exec-2] DEBUG o.s.security.web.FilterChainProxy - Securing GET /js/veiculos.js
2026-09-13 05:12:09 [http-nio-8080-exec-2] DEBUG o.s.s.w.a.AnonymousAuthenticationFilter - Set SecurityContextHolder to anonymous SecurityContext
2026-09-13 05:12:09 [http-nio-8080-exec-2] DEBUG o.s.security.web.FilterChainProxy - Secured GET /js/veiculos.js
2026-09-13 05:12:09 [http-nio-8080-exec-7] DEBUG o.s.security.web.FilterChainProxy - Securing GET /sidebar.html
2026-09-13 05:12:09 [http-nio-8080-exec-3] DEBUG o.s.security.web.FilterChainProxy - Securing GET /api/veiculos
2026-09-13 05:12:09 [http-nio-8080-exec-10] DEBUG o.s.security.web.FilterChainProxy - Securing GET /modal-veiculo.html
2026-09-13 05:12:09 [http-nio-8080-exec-1] DEBUG o.s.security.web.FilterChainProxy - Securing GET /favicon.ico
2026-09-13 05:12:09 [http-nio-8080-exec-7] DEBUG o.s.s.w.a.AnonymousAuthenticationFilter - Set SecurityContextHolder to anonymous SecurityContext
2026-09-13 05:12:09 [http-nio-8080-exec-10] DEBUG o.s.s.w.a.AnonymousAuthenticationFilter - Set SecurityContextHolder to anonymous SecurityContext
2026-09-13 05:12:09 [http-nio-8080-exec-1] DEBUG o.s.s.w.a.AnonymousAuthenticationFilter - Set SecurityContextHolder to anonymous SecurityContext
2026-09-13 05:12:09 [http-nio-8080-exec-10] DEBUG o.s.security.web.FilterChainProxy - Secured GET /modal-veiculo.html
2026-09-13 05:12:09 [http-nio-8080-exec-3] WARN  c.e.P.security.JwtAuthFilter - Erro ao extrair email do token: JWT expired 455029306 milliseconds ago at 2026-09-08T01:48:20.000Z. Current time: 2026-09-13T08:12:09.306Z. Allowed clock skew: 0 milliseconds.
2026-09-13 05:12:09 [http-nio-8080-exec-7] DEBUG o.s.security.web.FilterChainProxy - Secured GET /sidebar.html
2026-09-13 05:12:09 [http-nio-8080-exec-1] DEBUG o.s.s.w.a.Http403ForbiddenEntryPoint - Pre-authenticated entry point called. Rejecting access
2026-09-13 05:12:09 [http-nio-8080-exec-3] DEBUG o.s.s.w.a.AnonymousAuthenticationFilter - Set SecurityContextHolder to anonymous SecurityContext
2026-09-13 05:12:09 [http-nio-8080-exec-1] DEBUG o.s.security.web.FilterChainProxy - Securing GET /error
2026-09-13 05:12:09 [http-nio-8080-exec-3] DEBUG o.s.s.w.a.Http403ForbiddenEntryPoint - Pre-authenticated entry point called. Rejecting access
2026-09-13 05:12:09 [http-nio-8080-exec-1] DEBUG o.s.s.w.a.AnonymousAuthenticationFilter - Set SecurityContextHolder to anonymous SecurityContext
2026-09-13 05:12:09 [http-nio-8080-exec-1] DEBUG o.s.s.w.a.Http403ForbiddenEntryPoint - Pre-authenticated entry point called. Rejecting access
2026-09-13 05:12:09 [http-nio-8080-exec-3] DEBUG o.s.security.web.FilterChainProxy - Securing GET /error
2026-09-13 05:12:09 [http-nio-8080-exec-3] DEBUG o.s.s.w.a.AnonymousAuthenticationFilter - Set SecurityContextHolder to anonymous SecurityContext
2026-09-13 05:12:09 [http-nio-8080-exec-3] DEBUG o.s.s.w.a.Http403ForbiddenEntryPoint - Pre-authenticated entry point called. Rejecting access
2026-09-13 05:12:14 [http-nio-8080-exec-4] DEBUG o.s.security.web.FilterChainProxy - Securing GET /os.html
2026-09-13 05:12:14 [http-nio-8080-exec-4] DEBUG o.s.s.w.a.AnonymousAuthenticationFilter - Set SecurityContextHolder to anonymous SecurityContext
2026-09-13 05:12:14 [http-nio-8080-exec-4] DEBUG o.s.security.web.FilterChainProxy - Secured GET /os.html
2026-09-13 05:12:15 [http-nio-8080-exec-9] DEBUG o.s.security.web.FilterChainProxy - Securing GET /css/layout.css
2026-09-13 05:12:15 [http-nio-8080-exec-8] DEBUG o.s.security.web.FilterChainProxy - Securing GET /css/os.css
2026-09-13 05:12:15 [http-nio-8080-exec-6] DEBUG o.s.security.web.FilterChainProxy - Securing GET /js/config.js
2026-09-13 05:12:15 [http-nio-8080-exec-5] DEBUG o.s.security.web.FilterChainProxy - Securing GET /js/sidebar.js
2026-09-13 05:12:15 [http-nio-8080-exec-2] DEBUG o.s.security.web.FilterChainProxy - Securing GET /js/api.js
2026-09-13 05:12:15 [http-nio-8080-exec-7] DEBUG o.s.security.web.FilterChainProxy - Securing GET /js/auth.js
2026-09-13 05:12:15 [http-nio-8080-exec-9] DEBUG o.s.s.w.a.AnonymousAuthenticationFilter - Set SecurityContextHolder to anonymous SecurityContext
2026-09-13 05:12:15 [http-nio-8080-exec-8] DEBUG o.s.s.w.a.AnonymousAuthenticationFilter - Set SecurityContextHolder to anonymous SecurityContext
2026-09-13 05:12:15 [http-nio-8080-exec-8] DEBUG o.s.security.web.FilterChainProxy - Secured GET /css/os.css
2026-09-13 05:12:15 [http-nio-8080-exec-6] DEBUG o.s.s.w.a.AnonymousAuthenticationFilter - Set SecurityContextHolder to anonymous SecurityContext
2026-09-13 05:12:15 [http-nio-8080-exec-5] DEBUG o.s.s.w.a.AnonymousAuthenticationFilter - Set SecurityContextHolder to anonymous SecurityContext
2026-09-13 05:12:15 [http-nio-8080-exec-2] DEBUG o.s.s.w.a.AnonymousAuthenticationFilter - Set SecurityContextHolder to anonymous SecurityContext
2026-09-13 05:12:15 [http-nio-8080-exec-7] DEBUG o.s.s.w.a.AnonymousAuthenticationFilter - Set SecurityContextHolder to anonymous SecurityContext
2026-09-13 05:12:15 [http-nio-8080-exec-9] DEBUG o.s.security.web.FilterChainProxy - Secured GET /css/layout.css
2026-09-13 05:12:15 [http-nio-8080-exec-1] DEBUG o.s.security.web.FilterChainProxy - Securing GET /js/loading.js
2026-09-13 05:12:15 [http-nio-8080-exec-6] DEBUG o.s.security.web.FilterChainProxy - Secured GET /js/config.js
2026-09-13 05:12:15 [http-nio-8080-exec-1] DEBUG o.s.s.w.a.AnonymousAuthenticationFilter - Set SecurityContextHolder to anonymous SecurityContext
2026-09-13 05:12:15 [http-nio-8080-exec-1] DEBUG o.s.security.web.FilterChainProxy - Secured GET /js/loading.js
2026-09-13 05:12:15 [http-nio-8080-exec-5] DEBUG o.s.security.web.FilterChainProxy - Secured GET /js/sidebar.js
2026-09-13 05:12:15 [http-nio-8080-exec-2] DEBUG o.s.security.web.FilterChainProxy - Secured GET /js/api.js
2026-09-13 05:12:15 [http-nio-8080-exec-7] DEBUG o.s.security.web.FilterChainProxy - Secured GET /js/auth.js
2026-09-13 05:12:15 [http-nio-8080-exec-10] DEBUG o.s.security.web.FilterChainProxy - Securing GET /js/modal-os.js
2026-09-13 05:12:15 [http-nio-8080-exec-3] DEBUG o.s.security.web.FilterChainProxy - Securing GET /js/os.js
2026-09-13 05:12:15 [http-nio-8080-exec-10] DEBUG o.s.s.w.a.AnonymousAuthenticationFilter - Set SecurityContextHolder to anonymous SecurityContext
2026-09-13 05:12:15 [http-nio-8080-exec-3] DEBUG o.s.s.w.a.AnonymousAuthenticationFilter - Set SecurityContextHolder to anonymous SecurityContext
2026-09-13 05:12:15 [http-nio-8080-exec-10] DEBUG o.s.security.web.FilterChainProxy - Secured GET /js/modal-os.js
2026-09-13 05:12:15 [http-nio-8080-exec-3] DEBUG o.s.security.web.FilterChainProxy - Secured GET /js/os.js
2026-09-13 05:12:15 [http-nio-8080-exec-4] DEBUG o.s.security.web.FilterChainProxy - Securing GET /sidebar.html
2026-09-13 05:12:15 [http-nio-8080-exec-8] DEBUG o.s.security.web.FilterChainProxy - Securing GET /api/ordens-servico/filtros?page=0&size=10
2026-09-13 05:12:15 [http-nio-8080-exec-9] DEBUG o.s.security.web.FilterChainProxy - Securing GET /favicon.ico
2026-09-13 05:12:15 [http-nio-8080-exec-4] DEBUG o.s.s.w.a.AnonymousAuthenticationFilter - Set SecurityContextHolder to anonymous SecurityContext
2026-09-13 05:12:15 [http-nio-8080-exec-8] WARN  c.e.P.security.JwtAuthFilter - Erro ao extrair email do token: JWT expired 455035767 milliseconds ago at 2026-09-08T01:48:20.000Z. Current time: 2026-09-13T08:12:15.767Z. Allowed clock skew: 0 milliseconds.
2026-09-13 05:12:15 [http-nio-8080-exec-9] DEBUG o.s.s.w.a.AnonymousAuthenticationFilter - Set SecurityContextHolder to anonymous SecurityContext
2026-09-13 05:12:15 [http-nio-8080-exec-4] DEBUG o.s.security.web.FilterChainProxy - Secured GET /sidebar.html
2026-09-13 05:12:15 [http-nio-8080-exec-8] DEBUG o.s.s.w.a.AnonymousAuthenticationFilter - Set SecurityContextHolder to anonymous SecurityContext
2026-09-13 05:12:15 [http-nio-8080-exec-9] DEBUG o.s.s.w.a.Http403ForbiddenEntryPoint - Pre-authenticated entry point called. Rejecting access
2026-09-13 05:12:15 [http-nio-8080-exec-8] DEBUG o.s.s.w.a.Http403ForbiddenEntryPoint - Pre-authenticated entry point called. Rejecting access
2026-09-13 05:12:15 [http-nio-8080-exec-9] DEBUG o.s.security.web.FilterChainProxy - Securing GET /error
2026-09-13 05:12:15 [http-nio-8080-exec-8] DEBUG o.s.security.web.FilterChainProxy - Securing GET /error?page=0&size=10
2026-09-13 05:12:15 [http-nio-8080-exec-9] DEBUG o.s.s.w.a.AnonymousAuthenticationFilter - Set SecurityContextHolder to anonymous SecurityContext
2026-09-13 05:12:15 [http-nio-8080-exec-8] DEBUG o.s.s.w.a.AnonymousAuthenticationFilter - Set SecurityContextHolder to anonymous SecurityContext
2026-09-13 05:12:15 [http-nio-8080-exec-9] DEBUG o.s.s.w.a.Http403ForbiddenEntryPoint - Pre-authenticated entry point called. Rejecting access
2026-09-13 05:12:15 [http-nio-8080-exec-8] DEBUG o.s.s.w.a.Http403ForbiddenEntryPoint - Pre-authenticated entry point called. Rejecting access
2026-09-13 05:12:19 [http-nio-8080-exec-1] DEBUG o.s.security.web.FilterChainProxy - Securing GET /estoque.html
2026-09-13 05:12:19 [http-nio-8080-exec-1] DEBUG o.s.s.w.a.AnonymousAuthenticationFilter - Set SecurityContextHolder to anonymous SecurityContext
2026-09-13 05:12:19 [http-nio-8080-exec-1] DEBUG o.s.security.web.FilterChainProxy - Secured GET /estoque.html
2026-09-13 05:12:19 [http-nio-8080-exec-6] DEBUG o.s.security.web.FilterChainProxy - Securing GET /css/global.css
2026-09-13 05:12:19 [http-nio-8080-exec-5] DEBUG o.s.security.web.FilterChainProxy - Securing GET /css/estoque.css
2026-09-13 05:12:19 [http-nio-8080-exec-2] DEBUG o.s.security.web.FilterChainProxy - Securing GET /css/sidebar.css
2026-09-13 05:12:19 [http-nio-8080-exec-7] DEBUG o.s.security.web.FilterChainProxy - Securing GET /css/toast.css
2026-09-13 05:12:19 [http-nio-8080-exec-10] DEBUG o.s.security.web.FilterChainProxy - Securing GET /css/modal-estoque.css
2026-09-13 05:12:19 [http-nio-8080-exec-3] DEBUG o.s.security.web.FilterChainProxy - Securing GET /js/config.js
2026-09-13 05:12:19 [http-nio-8080-exec-6] DEBUG o.s.s.w.a.AnonymousAuthenticationFilter - Set SecurityContextHolder to anonymous SecurityContext
2026-09-13 05:12:19 [http-nio-8080-exec-5] DEBUG o.s.s.w.a.AnonymousAuthenticationFilter - Set SecurityContextHolder to anonymous SecurityContext
2026-09-13 05:12:19 [http-nio-8080-exec-2] DEBUG o.s.s.w.a.AnonymousAuthenticationFilter - Set SecurityContextHolder to anonymous SecurityContext
2026-09-13 05:12:19 [http-nio-8080-exec-7] DEBUG o.s.s.w.a.AnonymousAuthenticationFilter - Set SecurityContextHolder to anonymous SecurityContext
2026-09-13 05:12:20 [http-nio-8080-exec-10] DEBUG o.s.s.w.a.AnonymousAuthenticationFilter - Set SecurityContextHolder to anonymous SecurityContext
2026-09-13 05:12:20 [http-nio-8080-exec-3] DEBUG o.s.s.w.a.AnonymousAuthenticationFilter - Set SecurityContextHolder to anonymous SecurityContext
2026-09-13 05:12:20 [http-nio-8080-exec-6] DEBUG o.s.security.web.FilterChainProxy - Secured GET /css/global.css
2026-09-13 05:12:20 [http-nio-8080-exec-5] DEBUG o.s.security.web.FilterChainProxy - Secured GET /css/estoque.css
2026-09-13 05:12:20 [http-nio-8080-exec-2] DEBUG o.s.security.web.FilterChainProxy - Secured GET /css/sidebar.css
2026-09-13 05:12:20 [http-nio-8080-exec-7] DEBUG o.s.security.web.FilterChainProxy - Secured GET /css/toast.css
2026-09-13 05:12:20 [http-nio-8080-exec-10] DEBUG o.s.security.web.FilterChainProxy - Secured GET /css/modal-estoque.css
2026-09-13 05:12:20 [http-nio-8080-exec-3] DEBUG o.s.security.web.FilterChainProxy - Secured GET /js/config.js
2026-09-13 05:12:20 [http-nio-8080-exec-4] DEBUG o.s.security.web.FilterChainProxy - Securing GET /js/util.js
2026-09-13 05:12:20 [http-nio-8080-exec-7] DEBUG o.s.security.web.FilterChainProxy - Securing GET /js/api.js
2026-09-13 05:12:20 [http-nio-8080-exec-3] DEBUG o.s.security.web.FilterChainProxy - Securing GET /js/auth.js
2026-09-13 05:12:20 [http-nio-8080-exec-8] DEBUG o.s.security.web.FilterChainProxy - Securing GET /js/sidebar.js
2026-09-13 05:12:20 [http-nio-8080-exec-2] DEBUG o.s.security.web.FilterChainProxy - Securing GET /js/loading.js
2026-09-13 05:12:20 [http-nio-8080-exec-8] DEBUG o.s.s.w.a.AnonymousAuthenticationFilter - Set SecurityContextHolder to anonymous SecurityContext
2026-09-13 05:12:20 [http-nio-8080-exec-4] DEBUG o.s.s.w.a.AnonymousAuthenticationFilter - Set SecurityContextHolder to anonymous SecurityContext
2026-09-13 05:12:20 [http-nio-8080-exec-8] DEBUG o.s.security.web.FilterChainProxy - Secured GET /js/sidebar.js
2026-09-13 05:12:20 [http-nio-8080-exec-5] DEBUG o.s.security.web.FilterChainProxy - Securing GET /js/toast.js
2026-09-13 05:12:20 [http-nio-8080-exec-7] DEBUG o.s.s.w.a.AnonymousAuthenticationFilter - Set SecurityContextHolder to anonymous SecurityContext
2026-09-13 05:12:20 [http-nio-8080-exec-3] DEBUG o.s.s.w.a.AnonymousAuthenticationFilter - Set SecurityContextHolder to anonymous SecurityContext
2026-09-13 05:12:20 [http-nio-8080-exec-2] DEBUG o.s.s.w.a.AnonymousAuthenticationFilter - Set SecurityContextHolder to anonymous SecurityContext
2026-09-13 05:12:20 [http-nio-8080-exec-4] DEBUG o.s.security.web.FilterChainProxy - Secured GET /js/util.js
2026-09-13 05:12:20 [http-nio-8080-exec-5] DEBUG o.s.s.w.a.AnonymousAuthenticationFilter - Set SecurityContextHolder to anonymous SecurityContext
2026-09-13 05:12:20 [http-nio-8080-exec-3] DEBUG o.s.security.web.FilterChainProxy - Secured GET /js/auth.js
2026-09-13 05:12:20 [http-nio-8080-exec-7] DEBUG o.s.security.web.FilterChainProxy - Secured GET /js/api.js
2026-09-13 05:12:20 [http-nio-8080-exec-2] DEBUG o.s.security.web.FilterChainProxy - Secured GET /js/loading.js
2026-09-13 05:12:20 [http-nio-8080-exec-5] DEBUG o.s.security.web.FilterChainProxy - Secured GET /js/toast.js
2026-09-13 05:12:20 [http-nio-8080-exec-1] DEBUG o.s.security.web.FilterChainProxy - Securing GET /js/modal-estoque.js
2026-09-13 05:12:20 [http-nio-8080-exec-1] DEBUG o.s.s.w.a.AnonymousAuthenticationFilter - Set SecurityContextHolder to anonymous SecurityContext
2026-09-13 05:12:20 [http-nio-8080-exec-6] DEBUG o.s.security.web.FilterChainProxy - Securing GET /js/estoque.js
2026-09-13 05:12:20 [http-nio-8080-exec-1] DEBUG o.s.security.web.FilterChainProxy - Secured GET /js/modal-estoque.js
2026-09-13 05:12:20 [http-nio-8080-exec-6] DEBUG o.s.s.w.a.AnonymousAuthenticationFilter - Set SecurityContextHolder to anonymous SecurityContext
2026-09-13 05:12:20 [http-nio-8080-exec-6] DEBUG o.s.security.web.FilterChainProxy - Secured GET /js/estoque.js
2026-09-13 05:12:20 [http-nio-8080-exec-9] DEBUG o.s.security.web.FilterChainProxy - Securing GET /sidebar.html
2026-09-13 05:12:20 [http-nio-8080-exec-10] DEBUG o.s.security.web.FilterChainProxy - Securing GET /modal-estoque.html
2026-09-13 05:12:20 [http-nio-8080-exec-9] DEBUG o.s.s.w.a.AnonymousAuthenticationFilter - Set SecurityContextHolder to anonymous SecurityContext
2026-09-13 05:12:20 [http-nio-8080-exec-10] DEBUG o.s.s.w.a.AnonymousAuthenticationFilter - Set SecurityContextHolder to anonymous SecurityContext
2026-09-13 05:12:20 [http-nio-8080-exec-9] DEBUG o.s.security.web.FilterChainProxy - Secured GET /sidebar.html
2026-09-13 05:12:20 [http-nio-8080-exec-10] DEBUG o.s.security.web.FilterChainProxy - Secured GET /modal-estoque.html
2026-09-13 05:12:20 [http-nio-8080-exec-8] DEBUG o.s.security.web.FilterChainProxy - Securing GET /favicon.ico
2026-09-13 05:12:20 [http-nio-8080-exec-8] DEBUG o.s.s.w.a.AnonymousAuthenticationFilter - Set SecurityContextHolder to anonymous SecurityContext
2026-09-13 05:12:20 [http-nio-8080-exec-8] DEBUG o.s.s.w.a.Http403ForbiddenEntryPoint - Pre-authenticated entry point called. Rejecting access
2026-09-13 05:12:20 [http-nio-8080-exec-4] DEBUG o.s.security.web.FilterChainProxy - Securing GET /api/produtos
2026-09-13 05:12:20 [http-nio-8080-exec-8] DEBUG o.s.security.web.FilterChainProxy - Securing GET /error
2026-09-13 05:12:20 [http-nio-8080-exec-8] DEBUG o.s.s.w.a.AnonymousAuthenticationFilter - Set SecurityContextHolder to anonymous SecurityContext
2026-09-13 05:12:20 [http-nio-8080-exec-4] WARN  c.e.P.security.JwtAuthFilter - Erro ao extrair email do token: JWT expired 455040738 milliseconds ago at 2026-09-08T01:48:20.000Z. Current time: 2026-09-13T08:12:20.738Z. Allowed clock skew: 0 milliseconds.
2026-09-13 05:12:20 [http-nio-8080-exec-8] DEBUG o.s.s.w.a.Http403ForbiddenEntryPoint - Pre-authenticated entry point called. Rejecting access
2026-09-13 05:12:20 [http-nio-8080-exec-4] DEBUG o.s.s.w.a.AnonymousAuthenticationFilter - Set SecurityContextHolder to anonymous SecurityContext
2026-09-13 05:12:20 [http-nio-8080-exec-4] DEBUG o.s.s.w.a.Http403ForbiddenEntryPoint - Pre-authenticated entry point called. Rejecting access
2026-09-13 05:12:20 [http-nio-8080-exec-4] DEBUG o.s.security.web.FilterChainProxy - Securing GET /error
2026-09-13 05:12:20 [http-nio-8080-exec-4] DEBUG o.s.s.w.a.AnonymousAuthenticationFilter - Set SecurityContextHolder to anonymous SecurityContext
2026-09-13 05:12:20 [http-nio-8080-exec-4] DEBUG o.s.s.w.a.Http403ForbiddenEntryPoint - Pre-authenticated entry point called. Rejecting access
2026-09-13 05:12:27 [http-nio-8080-exec-7] DEBUG o.s.security.web.FilterChainProxy - Securing GET /financeiro.html
2026-09-13 05:12:27 [http-nio-8080-exec-7] DEBUG o.s.s.w.a.AnonymousAuthenticationFilter - Set SecurityContextHolder to anonymous SecurityContext
2026-09-13 05:12:27 [http-nio-8080-exec-7] DEBUG o.s.security.web.FilterChainProxy - Secured GET /financeiro.html
2026-09-13 05:12:27 [http-nio-8080-exec-3] DEBUG o.s.security.web.FilterChainProxy - Securing GET /css/global.css
2026-09-13 05:12:27 [http-nio-8080-exec-2] DEBUG o.s.security.web.FilterChainProxy - Securing GET /css/sidebar.css
2026-09-13 05:12:27 [http-nio-8080-exec-5] DEBUG o.s.security.web.FilterChainProxy - Securing GET /css/financeiro.css
2026-09-13 05:12:27 [http-nio-8080-exec-1] DEBUG o.s.security.web.FilterChainProxy - Securing GET /css/toast.css
2026-09-13 05:12:27 [http-nio-8080-exec-6] DEBUG o.s.security.web.FilterChainProxy - Securing GET /css/modal-financeiro.css
2026-09-13 05:12:27 [http-nio-8080-exec-9] DEBUG o.s.security.web.FilterChainProxy - Securing GET /js/config.js
2026-09-13 05:12:28 [http-nio-8080-exec-3] DEBUG o.s.s.w.a.AnonymousAuthenticationFilter - Set SecurityContextHolder to anonymous SecurityContext
2026-09-13 05:12:28 [http-nio-8080-exec-2] DEBUG o.s.s.w.a.AnonymousAuthenticationFilter - Set SecurityContextHolder to anonymous SecurityContext
2026-09-13 05:12:28 [http-nio-8080-exec-5] DEBUG o.s.s.w.a.AnonymousAuthenticationFilter - Set SecurityContextHolder to anonymous SecurityContext
2026-09-13 05:12:28 [http-nio-8080-exec-1] DEBUG o.s.s.w.a.AnonymousAuthenticationFilter - Set SecurityContextHolder to anonymous SecurityContext
2026-09-13 05:12:28 [http-nio-8080-exec-6] DEBUG o.s.s.w.a.AnonymousAuthenticationFilter - Set SecurityContextHolder to anonymous SecurityContext
2026-09-13 05:12:28 [http-nio-8080-exec-9] DEBUG o.s.s.w.a.AnonymousAuthenticationFilter - Set SecurityContextHolder to anonymous SecurityContext
2026-09-13 05:12:28 [http-nio-8080-exec-3] DEBUG o.s.security.web.FilterChainProxy - Secured GET /css/global.css
2026-09-13 05:12:28 [http-nio-8080-exec-2] DEBUG o.s.security.web.FilterChainProxy - Secured GET /css/sidebar.css
2026-09-13 05:12:28 [http-nio-8080-exec-5] DEBUG o.s.security.web.FilterChainProxy - Secured GET /css/financeiro.css
2026-09-13 05:12:28 [http-nio-8080-exec-1] DEBUG o.s.security.web.FilterChainProxy - Secured GET /css/toast.css
2026-09-13 05:12:28 [http-nio-8080-exec-6] DEBUG o.s.security.web.FilterChainProxy - Secured GET /css/modal-financeiro.css
2026-09-13 05:12:28 [http-nio-8080-exec-9] DEBUG o.s.security.web.FilterChainProxy - Secured GET /js/config.js
2026-09-13 05:12:28 [http-nio-8080-exec-10] DEBUG o.s.security.web.FilterChainProxy - Securing GET /js/util.js
2026-09-13 05:12:28 [http-nio-8080-exec-2] DEBUG o.s.security.web.FilterChainProxy - Securing GET /js/api.js
2026-09-13 05:12:28 [http-nio-8080-exec-4] DEBUG o.s.security.web.FilterChainProxy - Securing GET /js/auth.js
2026-09-13 05:12:28 [http-nio-8080-exec-7] DEBUG o.s.security.web.FilterChainProxy - Securing GET /js/sidebar.js
2026-09-13 05:12:28 [http-nio-8080-exec-10] DEBUG o.s.s.w.a.AnonymousAuthenticationFilter - Set SecurityContextHolder to anonymous SecurityContext
2026-09-13 05:12:28 [http-nio-8080-exec-2] DEBUG o.s.s.w.a.AnonymousAuthenticationFilter - Set SecurityContextHolder to anonymous SecurityContext
2026-09-13 05:12:28 [http-nio-8080-exec-4] DEBUG o.s.s.w.a.AnonymousAuthenticationFilter - Set SecurityContextHolder to anonymous SecurityContext
2026-09-13 05:12:28 [http-nio-8080-exec-7] DEBUG o.s.s.w.a.AnonymousAuthenticationFilter - Set SecurityContextHolder to anonymous SecurityContext
2026-09-13 05:12:28 [http-nio-8080-exec-3] DEBUG o.s.security.web.FilterChainProxy - Securing GET /js/loading.js
2026-09-13 05:12:28 [http-nio-8080-exec-8] DEBUG o.s.security.web.FilterChainProxy - Securing GET /js/toast.js
2026-09-13 05:12:28 [http-nio-8080-exec-3] DEBUG o.s.s.w.a.AnonymousAuthenticationFilter - Set SecurityContextHolder to anonymous SecurityContext
2026-09-13 05:12:28 [http-nio-8080-exec-10] DEBUG o.s.security.web.FilterChainProxy - Secured GET /js/util.js
2026-09-13 05:12:28 [http-nio-8080-exec-2] DEBUG o.s.security.web.FilterChainProxy - Secured GET /js/api.js
2026-09-13 05:12:28 [http-nio-8080-exec-4] DEBUG o.s.security.web.FilterChainProxy - Secured GET /js/auth.js
2026-09-13 05:12:28 [http-nio-8080-exec-7] DEBUG o.s.security.web.FilterChainProxy - Secured GET /js/sidebar.js
2026-09-13 05:12:28 [http-nio-8080-exec-8] DEBUG o.s.s.w.a.AnonymousAuthenticationFilter - Set SecurityContextHolder to anonymous SecurityContext
2026-09-13 05:12:28 [http-nio-8080-exec-3] DEBUG o.s.security.web.FilterChainProxy - Secured GET /js/loading.js
2026-09-13 05:12:28 [http-nio-8080-exec-10] DEBUG o.s.security.web.FilterChainProxy - Securing GET /js/modal-financeiro.js
2026-09-13 05:12:28 [http-nio-8080-exec-10] DEBUG o.s.s.w.a.AnonymousAuthenticationFilter - Set SecurityContextHolder to anonymous SecurityContext
2026-09-13 05:12:28 [http-nio-8080-exec-10] DEBUG o.s.security.web.FilterChainProxy - Secured GET /js/modal-financeiro.js
2026-09-13 05:12:28 [http-nio-8080-exec-5] DEBUG o.s.security.web.FilterChainProxy - Securing GET /js/financeiro.js
2026-09-13 05:12:28 [http-nio-8080-exec-8] DEBUG o.s.security.web.FilterChainProxy - Secured GET /js/toast.js
2026-09-13 05:12:28 [http-nio-8080-exec-5] DEBUG o.s.s.w.a.AnonymousAuthenticationFilter - Set SecurityContextHolder to anonymous SecurityContext
2026-09-13 05:12:28 [http-nio-8080-exec-5] DEBUG o.s.security.web.FilterChainProxy - Secured GET /js/financeiro.js
2026-09-13 05:12:28 [http-nio-8080-exec-1] DEBUG o.s.security.web.FilterChainProxy - Securing GET /sidebar.html
2026-09-13 05:12:28 [http-nio-8080-exec-9] DEBUG o.s.security.web.FilterChainProxy - Securing GET /modal-financeiro.html
2026-09-13 05:12:28 [http-nio-8080-exec-1] DEBUG o.s.s.w.a.AnonymousAuthenticationFilter - Set SecurityContextHolder to anonymous SecurityContext
2026-09-13 05:12:28 [http-nio-8080-exec-9] DEBUG o.s.s.w.a.AnonymousAuthenticationFilter - Set SecurityContextHolder to anonymous SecurityContext
2026-09-13 05:12:28 [http-nio-8080-exec-1] DEBUG o.s.security.web.FilterChainProxy - Secured GET /sidebar.html
2026-09-13 05:12:28 [http-nio-8080-exec-9] DEBUG o.s.security.web.FilterChainProxy - Secured GET /modal-financeiro.html
2026-09-13 05:12:28 [http-nio-8080-exec-6] DEBUG o.s.security.web.FilterChainProxy - Securing GET /favicon.ico
2026-09-13 05:12:28 [http-nio-8080-exec-6] DEBUG o.s.s.w.a.AnonymousAuthenticationFilter - Set SecurityContextHolder to anonymous SecurityContext
2026-09-13 05:12:28 [http-nio-8080-exec-6] DEBUG o.s.s.w.a.Http403ForbiddenEntryPoint - Pre-authenticated entry point called. Rejecting access
2026-09-13 05:12:28 [http-nio-8080-exec-7] DEBUG o.s.security.web.FilterChainProxy - Securing GET /api/contas-pagar
2026-09-13 05:12:28 [http-nio-8080-exec-4] DEBUG o.s.security.web.FilterChainProxy - Securing GET /api/contas-pagar/pendentes
2026-09-13 05:12:28 [http-nio-8080-exec-6] DEBUG o.s.security.web.FilterChainProxy - Securing GET /error
2026-09-13 05:12:28 [http-nio-8080-exec-7] WARN  c.e.P.security.JwtAuthFilter - Erro ao extrair email do token: JWT expired 455048938 milliseconds ago at 2026-09-08T01:48:20.000Z. Current time: 2026-09-13T08:12:28.938Z. Allowed clock skew: 0 milliseconds.
2026-09-13 05:12:28 [http-nio-8080-exec-4] WARN  c.e.P.security.JwtAuthFilter - Erro ao extrair email do token: JWT expired 455048938 milliseconds ago at 2026-09-08T01:48:20.000Z. Current time: 2026-09-13T08:12:28.938Z. Allowed clock skew: 0 milliseconds.
2026-09-13 05:12:28 [http-nio-8080-exec-6] DEBUG o.s.s.w.a.AnonymousAuthenticationFilter - Set SecurityContextHolder to anonymous SecurityContext
2026-09-13 05:12:28 [http-nio-8080-exec-7] DEBUG o.s.s.w.a.AnonymousAuthenticationFilter - Set SecurityContextHolder to anonymous SecurityContext
2026-09-13 05:12:28 [http-nio-8080-exec-4] DEBUG o.s.s.w.a.AnonymousAuthenticationFilter - Set SecurityContextHolder to anonymous SecurityContext
2026-09-13 05:12:28 [http-nio-8080-exec-6] DEBUG o.s.s.w.a.Http403ForbiddenEntryPoint - Pre-authenticated entry point called. Rejecting access
2026-09-13 05:12:28 [http-nio-8080-exec-4] DEBUG o.s.s.w.a.Http403ForbiddenEntryPoint - Pre-authenticated entry point called. Rejecting access
2026-09-13 05:12:28 [http-nio-8080-exec-7] DEBUG o.s.s.w.a.Http403ForbiddenEntryPoint - Pre-authenticated entry point called. Rejecting access
2026-09-13 05:12:28 [http-nio-8080-exec-4] DEBUG o.s.security.web.FilterChainProxy - Securing GET /error
2026-09-13 05:12:28 [http-nio-8080-exec-7] DEBUG o.s.security.web.FilterChainProxy - Securing GET /error
2026-09-13 05:12:28 [http-nio-8080-exec-4] DEBUG o.s.s.w.a.AnonymousAuthenticationFilter - Set SecurityContextHolder to anonymous SecurityContext
2026-09-13 05:12:28 [http-nio-8080-exec-7] DEBUG o.s.s.w.a.AnonymousAuthenticationFilter - Set SecurityContextHolder to anonymous SecurityContext
2026-09-13 05:12:28 [http-nio-8080-exec-4] DEBUG o.s.s.w.a.Http403ForbiddenEntryPoint - Pre-authenticated entry point called. Rejecting access
2026-09-13 05:12:28 [http-nio-8080-exec-7] DEBUG o.s.s.w.a.Http403ForbiddenEntryPoint - Pre-authenticated entry point called. Rejecting access
2026-09-13 05:12:35 [http-nio-8080-exec-3] DEBUG o.s.security.web.FilterChainProxy - Securing GET /api/fornecedores
2026-09-13 05:12:35 [http-nio-8080-exec-3] WARN  c.e.P.security.JwtAuthFilter - Erro ao extrair email do token: JWT expired 455055035 milliseconds ago at 2026-09-08T01:48:20.000Z. Current time: 2026-09-13T08:12:35.035Z. Allowed clock skew: 0 milliseconds.
2026-09-13 05:12:35 [http-nio-8080-exec-3] DEBUG o.s.s.w.a.AnonymousAuthenticationFilter - Set SecurityContextHolder to anonymous SecurityContext
2026-09-13 05:12:35 [http-nio-8080-exec-3] DEBUG o.s.s.w.a.Http403ForbiddenEntryPoint - Pre-authenticated entry point called. Rejecting access
2026-09-13 05:12:35 [http-nio-8080-exec-3] DEBUG o.s.security.web.FilterChainProxy - Securing GET /error
2026-09-13 05:12:35 [http-nio-8080-exec-3] DEBUG o.s.s.w.a.AnonymousAuthenticationFilter - Set SecurityContextHolder to anonymous SecurityContext
2026-09-13 05:12:35 [http-nio-8080-exec-3] DEBUG o.s.s.w.a.Http403ForbiddenEntryPoint - Pre-authenticated entry point called. Rejecting access
2026-09-13 05:12:46 [http-nio-8080-exec-8] DEBUG o.s.security.web.FilterChainProxy - Securing GET /api/contas-receber
2026-09-13 05:12:46 [http-nio-8080-exec-8] WARN  c.e.P.security.JwtAuthFilter - Erro ao extrair email do token: JWT expired 455066931 milliseconds ago at 2026-09-08T01:48:20.000Z. Current time: 2026-09-13T08:12:46.931Z. Allowed clock skew: 0 milliseconds.
2026-09-13 05:12:46 [http-nio-8080-exec-8] DEBUG o.s.s.w.a.AnonymousAuthenticationFilter - Set SecurityContextHolder to anonymous SecurityContext
2026-09-13 05:12:46 [http-nio-8080-exec-8] DEBUG o.s.s.w.a.Http403ForbiddenEntryPoint - Pre-authenticated entry point called. Rejecting access
2026-09-13 05:12:46 [http-nio-8080-exec-8] DEBUG o.s.security.web.FilterChainProxy - Securing GET /error
2026-09-13 05:12:46 [http-nio-8080-exec-8] DEBUG o.s.s.w.a.AnonymousAuthenticationFilter - Set SecurityContextHolder to anonymous SecurityContext
2026-09-13 05:12:46 [http-nio-8080-exec-8] DEBUG o.s.s.w.a.Http403ForbiddenEntryPoint - Pre-authenticated entry point called. Rejecting access
2026-09-13 05:12:48 [http-nio-8080-exec-2] DEBUG o.s.security.web.FilterChainProxy - Securing GET /api/fluxo-caixa
2026-09-13 05:12:48 [http-nio-8080-exec-2] WARN  c.e.P.security.JwtAuthFilter - Erro ao extrair email do token: JWT expired 455068616 milliseconds ago at 2026-09-08T01:48:20.000Z. Current time: 2026-09-13T08:12:48.616Z. Allowed clock skew: 0 milliseconds.
2026-09-13 05:12:48 [http-nio-8080-exec-2] DEBUG o.s.s.w.a.AnonymousAuthenticationFilter - Set SecurityContextHolder to anonymous SecurityContext
2026-09-13 05:12:48 [http-nio-8080-exec-2] DEBUG o.s.s.w.a.Http403ForbiddenEntryPoint - Pre-authenticated entry point called. Rejecting access
2026-09-13 05:12:48 [http-nio-8080-exec-2] DEBUG o.s.security.web.FilterChainProxy - Securing GET /error
2026-09-13 05:12:48 [http-nio-8080-exec-2] DEBUG o.s.s.w.a.AnonymousAuthenticationFilter - Set SecurityContextHolder to anonymous SecurityContext
2026-09-13 05:12:48 [http-nio-8080-exec-2] DEBUG o.s.s.w.a.Http403ForbiddenEntryPoint - Pre-authenticated entry point called. Rejecting access
2026-09-13 05:12:48 [http-nio-8080-exec-10] DEBUG o.s.security.web.FilterChainProxy - Securing GET /api/fluxo-caixa
2026-09-13 05:12:48 [http-nio-8080-exec-10] WARN  c.e.P.security.JwtAuthFilter - Erro ao extrair email do token: JWT expired 455068931 milliseconds ago at 2026-09-08T01:48:20.000Z. Current time: 2026-09-13T08:12:48.931Z. Allowed clock skew: 0 milliseconds.
2026-09-13 05:12:48 [http-nio-8080-exec-10] DEBUG o.s.s.w.a.AnonymousAuthenticationFilter - Set SecurityContextHolder to anonymous SecurityContext
2026-09-13 05:12:48 [http-nio-8080-exec-10] DEBUG o.s.s.w.a.Http403ForbiddenEntryPoint - Pre-authenticated entry point called. Rejecting access
2026-09-13 05:12:48 [http-nio-8080-exec-10] DEBUG o.s.security.web.FilterChainProxy - Securing GET /error
2026-09-13 05:12:48 [http-nio-8080-exec-10] DEBUG o.s.s.w.a.AnonymousAuthenticationFilter - Set SecurityContextHolder to anonymous SecurityContext
2026-09-13 05:12:48 [http-nio-8080-exec-10] DEBUG o.s.s.w.a.Http403ForbiddenEntryPoint - Pre-authenticated entry point called. Rejecting access
2026-09-13 05:13:04 [http-nio-8080-exec-4] DEBUG o.s.security.web.FilterChainProxy - Securing GET /fornecedores.html
2026-09-13 05:13:04 [http-nio-8080-exec-4] DEBUG o.s.s.w.a.AnonymousAuthenticationFilter - Set SecurityContextHolder to anonymous SecurityContext
2026-09-13 05:13:05 [http-nio-8080-exec-4] DEBUG o.s.security.web.FilterChainProxy - Secured GET /fornecedores.html
2026-09-13 05:13:05 [http-nio-8080-exec-3] DEBUG o.s.security.web.FilterChainProxy - Securing GET /css/global.css
2026-09-13 05:13:05 [http-nio-8080-exec-8] DEBUG o.s.security.web.FilterChainProxy - Securing GET /css/sidebar.css
2026-09-13 05:13:05 [http-nio-8080-exec-2] DEBUG o.s.security.web.FilterChainProxy - Securing GET /css/loading.css
2026-09-13 05:13:05 [http-nio-8080-exec-10] DEBUG o.s.security.web.FilterChainProxy - Securing GET /css/toast.css
2026-09-13 05:13:05 [http-nio-8080-exec-9] DEBUG o.s.security.web.FilterChainProxy - Securing GET /css/fornecedores.css
2026-09-13 05:13:05 [http-nio-8080-exec-6] DEBUG o.s.security.web.FilterChainProxy - Securing GET /js/config.js
2026-09-13 05:13:05 [http-nio-8080-exec-3] DEBUG o.s.s.w.a.AnonymousAuthenticationFilter - Set SecurityContextHolder to anonymous SecurityContext
2026-09-13 05:13:05 [http-nio-8080-exec-8] DEBUG o.s.s.w.a.AnonymousAuthenticationFilter - Set SecurityContextHolder to anonymous SecurityContext
2026-09-13 05:13:05 [http-nio-8080-exec-2] DEBUG o.s.s.w.a.AnonymousAuthenticationFilter - Set SecurityContextHolder to anonymous SecurityContext
2026-09-13 05:13:05 [http-nio-8080-exec-10] DEBUG o.s.s.w.a.AnonymousAuthenticationFilter - Set SecurityContextHolder to anonymous SecurityContext
2026-09-13 05:13:05 [http-nio-8080-exec-8] DEBUG o.s.security.web.FilterChainProxy - Secured GET /css/sidebar.css
2026-09-13 05:13:05 [http-nio-8080-exec-9] DEBUG o.s.s.w.a.AnonymousAuthenticationFilter - Set SecurityContextHolder to anonymous SecurityContext
2026-09-13 05:13:05 [http-nio-8080-exec-6] DEBUG o.s.s.w.a.AnonymousAuthenticationFilter - Set SecurityContextHolder to anonymous SecurityContext
2026-09-13 05:13:05 [http-nio-8080-exec-3] DEBUG o.s.security.web.FilterChainProxy - Secured GET /css/global.css
2026-09-13 05:13:05 [http-nio-8080-exec-2] DEBUG o.s.security.web.FilterChainProxy - Secured GET /css/loading.css
2026-09-13 05:13:05 [http-nio-8080-exec-10] DEBUG o.s.security.web.FilterChainProxy - Secured GET /css/toast.css
2026-09-13 05:13:05 [http-nio-8080-exec-9] DEBUG o.s.security.web.FilterChainProxy - Secured GET /css/fornecedores.css
2026-09-13 05:13:05 [http-nio-8080-exec-8] DEBUG o.s.security.web.FilterChainProxy - Securing GET /js/layout.js
2026-09-13 05:13:05 [http-nio-8080-exec-6] DEBUG o.s.security.web.FilterChainProxy - Secured GET /js/config.js
2026-09-13 05:13:05 [http-nio-8080-exec-8] DEBUG o.s.s.w.a.AnonymousAuthenticationFilter - Set SecurityContextHolder to anonymous SecurityContext
2026-09-13 05:13:05 [http-nio-8080-exec-3] DEBUG o.s.security.web.FilterChainProxy - Securing GET /js/api.js
2026-09-13 05:13:05 [http-nio-8080-exec-3] DEBUG o.s.s.w.a.AnonymousAuthenticationFilter - Set SecurityContextHolder to anonymous SecurityContext
2026-09-13 05:13:05 [http-nio-8080-exec-5] DEBUG o.s.security.web.FilterChainProxy - Securing GET /js/auth.js
2026-09-13 05:13:06 [http-nio-8080-exec-5] DEBUG o.s.s.w.a.AnonymousAuthenticationFilter - Set SecurityContextHolder to anonymous SecurityContext
2026-09-13 05:13:05 [http-nio-8080-exec-10] DEBUG o.s.security.web.FilterChainProxy - Securing GET /js/util.js
2026-09-13 05:13:05 [http-nio-8080-exec-8] DEBUG o.s.security.web.FilterChainProxy - Secured GET /js/layout.js
2026-09-13 05:13:05 [http-nio-8080-exec-7] DEBUG o.s.security.web.FilterChainProxy - Securing GET /js/loading.js
2026-09-13 05:13:05 [http-nio-8080-exec-3] DEBUG o.s.security.web.FilterChainProxy - Secured GET /js/api.js
2026-09-13 05:13:06 [http-nio-8080-exec-5] DEBUG o.s.security.web.FilterChainProxy - Secured GET /js/auth.js
2026-09-13 05:13:06 [http-nio-8080-exec-10] DEBUG o.s.s.w.a.AnonymousAuthenticationFilter - Set SecurityContextHolder to anonymous SecurityContext
2026-09-13 05:13:06 [http-nio-8080-exec-10] DEBUG o.s.security.web.FilterChainProxy - Secured GET /js/util.js
2026-09-13 05:13:06 [http-nio-8080-exec-7] DEBUG o.s.s.w.a.AnonymousAuthenticationFilter - Set SecurityContextHolder to anonymous SecurityContext
2026-09-13 05:13:06 [http-nio-8080-exec-3] DEBUG o.s.security.web.FilterChainProxy - Securing GET /js/toast.js
2026-09-13 05:13:06 [http-nio-8080-exec-1] DEBUG o.s.security.web.FilterChainProxy - Securing GET /js/modal-fornecedor.js
2026-09-13 05:13:06 [http-nio-8080-exec-7] DEBUG o.s.security.web.FilterChainProxy - Secured GET /js/loading.js
2026-09-13 05:13:06 [http-nio-8080-exec-4] DEBUG o.s.security.web.FilterChainProxy - Securing GET /js/fornecedores.js
2026-09-13 05:13:06 [http-nio-8080-exec-3] DEBUG o.s.s.w.a.AnonymousAuthenticationFilter - Set SecurityContextHolder to anonymous SecurityContext
2026-09-13 05:13:06 [http-nio-8080-exec-3] DEBUG o.s.security.web.FilterChainProxy - Secured GET /js/toast.js
2026-09-13 05:13:06 [http-nio-8080-exec-1] DEBUG o.s.s.w.a.AnonymousAuthenticationFilter - Set SecurityContextHolder to anonymous SecurityContext
2026-09-13 05:13:06 [http-nio-8080-exec-4] DEBUG o.s.s.w.a.AnonymousAuthenticationFilter - Set SecurityContextHolder to anonymous SecurityContext
2026-09-13 05:13:06 [http-nio-8080-exec-1] DEBUG o.s.security.web.FilterChainProxy - Secured GET /js/modal-fornecedor.js
2026-09-13 05:13:06 [http-nio-8080-exec-4] DEBUG o.s.security.web.FilterChainProxy - Secured GET /js/fornecedores.js
2026-09-13 05:13:06 [http-nio-8080-exec-2] DEBUG o.s.security.web.FilterChainProxy - Securing GET /api/fornecedores?size=1000
2026-09-13 05:13:06 [http-nio-8080-exec-6] DEBUG o.s.security.web.FilterChainProxy - Securing GET /navbar.html
2026-09-13 05:13:06 [http-nio-8080-exec-6] DEBUG o.s.s.w.a.AnonymousAuthenticationFilter - Set SecurityContextHolder to anonymous SecurityContext
2026-09-13 05:13:06 [http-nio-8080-exec-6] DEBUG o.s.security.web.FilterChainProxy - Secured GET /navbar.html
2026-09-13 05:13:06 [http-nio-8080-exec-8] DEBUG o.s.security.web.FilterChainProxy - Securing GET /sidebar.html
2026-09-13 05:13:06 [http-nio-8080-exec-5] DEBUG o.s.security.web.FilterChainProxy - Securing GET /favicon.ico
2026-09-13 05:13:06 [http-nio-8080-exec-10] DEBUG o.s.security.web.FilterChainProxy - Securing GET /modal-fornecedor.html
2026-09-13 05:13:06 [http-nio-8080-exec-2] WARN  c.e.P.security.JwtAuthFilter - Erro ao extrair email do token: JWT expired 455086871 milliseconds ago at 2026-09-08T01:48:20.000Z. Current time: 2026-09-13T08:13:06.871Z. Allowed clock skew: 0 milliseconds.
2026-09-13 05:13:06 [http-nio-8080-exec-8] DEBUG o.s.s.w.a.AnonymousAuthenticationFilter - Set SecurityContextHolder to anonymous SecurityContext
2026-09-13 05:13:07 [http-nio-8080-exec-5] DEBUG o.s.s.w.a.AnonymousAuthenticationFilter - Set SecurityContextHolder to anonymous SecurityContext
2026-09-13 05:13:07 [http-nio-8080-exec-10] DEBUG o.s.s.w.a.AnonymousAuthenticationFilter - Set SecurityContextHolder to anonymous SecurityContext
2026-09-13 05:13:07 [http-nio-8080-exec-2] DEBUG o.s.s.w.a.AnonymousAuthenticationFilter - Set SecurityContextHolder to anonymous SecurityContext
2026-09-13 05:13:07 [http-nio-8080-exec-8] DEBUG o.s.security.web.FilterChainProxy - Secured GET /sidebar.html
2026-09-13 05:13:07 [http-nio-8080-exec-5] DEBUG o.s.s.w.a.Http403ForbiddenEntryPoint - Pre-authenticated entry point called. Rejecting access
2026-09-13 05:13:07 [http-nio-8080-exec-10] DEBUG o.s.security.web.FilterChainProxy - Secured GET /modal-fornecedor.html
2026-09-13 05:13:07 [http-nio-8080-exec-2] DEBUG o.s.s.w.a.Http403ForbiddenEntryPoint - Pre-authenticated entry point called. Rejecting access
2026-09-13 05:13:07 [http-nio-8080-exec-5] DEBUG o.s.security.web.FilterChainProxy - Securing GET /error
2026-09-13 05:13:07 [http-nio-8080-exec-2] DEBUG o.s.security.web.FilterChainProxy - Securing GET /error?size=1000
2026-09-13 05:13:07 [http-nio-8080-exec-5] DEBUG o.s.s.w.a.AnonymousAuthenticationFilter - Set SecurityContextHolder to anonymous SecurityContext
2026-09-13 05:13:07 [http-nio-8080-exec-5] DEBUG o.s.s.w.a.Http403ForbiddenEntryPoint - Pre-authenticated entry point called. Rejecting access
2026-09-13 05:13:07 [http-nio-8080-exec-2] DEBUG o.s.s.w.a.AnonymousAuthenticationFilter - Set SecurityContextHolder to anonymous SecurityContext
2026-09-13 05:13:07 [http-nio-8080-exec-2] DEBUG o.s.s.w.a.Http403ForbiddenEntryPoint - Pre-authenticated entry point called. Rejecting access
2026-09-13 05:13:35 [http-nio-8080-exec-8] DEBUG o.s.security.web.FilterChainProxy - Securing GET /usuarios.html
2026-09-13 05:13:35 [http-nio-8080-exec-8] DEBUG o.s.s.w.a.AnonymousAuthenticationFilter - Set SecurityContextHolder to anonymous SecurityContext
2026-09-13 05:13:35 [http-nio-8080-exec-8] DEBUG o.s.security.web.FilterChainProxy - Secured GET /usuarios.html
2026-09-13 05:13:36 [http-nio-8080-exec-5] DEBUG o.s.security.web.FilterChainProxy - Securing GET /css/global.css
2026-09-13 05:13:36 [http-nio-8080-exec-10] DEBUG o.s.security.web.FilterChainProxy - Securing GET /css/sidebar.css
2026-09-13 05:13:36 [http-nio-8080-exec-2] DEBUG o.s.security.web.FilterChainProxy - Securing GET /css/usuarios.css
2026-09-13 05:13:36 [http-nio-8080-exec-7] DEBUG o.s.security.web.FilterChainProxy - Securing GET /css/toast.css
2026-09-13 05:13:36 [http-nio-8080-exec-7] DEBUG o.s.s.w.a.AnonymousAuthenticationFilter - Set SecurityContextHolder to anonymous SecurityContext
2026-09-13 05:13:36 [http-nio-8080-exec-3] DEBUG o.s.security.web.FilterChainProxy - Securing GET /css/modal-usuario.css
2026-09-13 05:13:36 [http-nio-8080-exec-9] DEBUG o.s.security.web.FilterChainProxy - Securing GET /js/config.js
2026-09-13 05:13:36 [http-nio-8080-exec-3] DEBUG o.s.s.w.a.AnonymousAuthenticationFilter - Set SecurityContextHolder to anonymous SecurityContext
2026-09-13 05:13:36 [http-nio-8080-exec-5] DEBUG o.s.s.w.a.AnonymousAuthenticationFilter - Set SecurityContextHolder to anonymous SecurityContext
2026-09-13 05:13:36 [http-nio-8080-exec-10] DEBUG o.s.s.w.a.AnonymousAuthenticationFilter - Set SecurityContextHolder to anonymous SecurityContext
2026-09-13 05:13:36 [http-nio-8080-exec-2] DEBUG o.s.s.w.a.AnonymousAuthenticationFilter - Set SecurityContextHolder to anonymous SecurityContext
2026-09-13 05:13:36 [http-nio-8080-exec-7] DEBUG o.s.security.web.FilterChainProxy - Secured GET /css/toast.css
2026-09-13 05:13:36 [http-nio-8080-exec-9] DEBUG o.s.s.w.a.AnonymousAuthenticationFilter - Set SecurityContextHolder to anonymous SecurityContext
2026-09-13 05:13:36 [http-nio-8080-exec-3] DEBUG o.s.security.web.FilterChainProxy - Secured GET /css/modal-usuario.css
2026-09-13 05:13:36 [http-nio-8080-exec-5] DEBUG o.s.security.web.FilterChainProxy - Secured GET /css/global.css
2026-09-13 05:13:36 [http-nio-8080-exec-10] DEBUG o.s.security.web.FilterChainProxy - Secured GET /css/sidebar.css
2026-09-13 05:13:36 [http-nio-8080-exec-2] DEBUG o.s.security.web.FilterChainProxy - Secured GET /css/usuarios.css
2026-09-13 05:13:36 [http-nio-8080-exec-1] DEBUG o.s.security.web.FilterChainProxy - Securing GET /js/util.js
2026-09-13 05:13:36 [http-nio-8080-exec-9] DEBUG o.s.security.web.FilterChainProxy - Secured GET /js/config.js
2026-09-13 05:13:36 [http-nio-8080-exec-4] DEBUG o.s.security.web.FilterChainProxy - Securing GET /js/api.js
2026-09-13 05:13:36 [http-nio-8080-exec-6] DEBUG o.s.security.web.FilterChainProxy - Securing GET /js/auth.js
2026-09-13 05:13:36 [http-nio-8080-exec-8] DEBUG o.s.security.web.FilterChainProxy - Securing GET /js/sidebar.js
2026-09-13 05:13:36 [http-nio-8080-exec-7] DEBUG o.s.security.web.FilterChainProxy - Securing GET /js/loading.js
2026-09-13 05:13:37 [http-nio-8080-exec-1] DEBUG o.s.s.w.a.AnonymousAuthenticationFilter - Set SecurityContextHolder to anonymous SecurityContext
2026-09-13 05:13:37 [http-nio-8080-exec-4] DEBUG o.s.s.w.a.AnonymousAuthenticationFilter - Set SecurityContextHolder to anonymous SecurityContext
2026-09-13 05:13:37 [http-nio-8080-exec-1] DEBUG o.s.security.web.FilterChainProxy - Secured GET /js/util.js
2026-09-13 05:13:37 [http-nio-8080-exec-4] DEBUG o.s.security.web.FilterChainProxy - Secured GET /js/api.js
2026-09-13 05:13:37 [http-nio-8080-exec-3] DEBUG o.s.security.web.FilterChainProxy - Securing GET /js/toast.js
2026-09-13 05:13:37 [http-nio-8080-exec-6] DEBUG o.s.s.w.a.AnonymousAuthenticationFilter - Set SecurityContextHolder to anonymous SecurityContext
2026-09-13 05:13:37 [http-nio-8080-exec-8] DEBUG o.s.s.w.a.AnonymousAuthenticationFilter - Set SecurityContextHolder to anonymous SecurityContext
2026-09-13 05:13:37 [http-nio-8080-exec-7] DEBUG o.s.s.w.a.AnonymousAuthenticationFilter - Set SecurityContextHolder to anonymous SecurityContext
2026-09-13 05:13:37 [http-nio-8080-exec-5] DEBUG o.s.security.web.FilterChainProxy - Securing GET /js/modal-usuario.js
2026-09-13 05:13:37 [http-nio-8080-exec-10] DEBUG o.s.security.web.FilterChainProxy - Securing GET /js/usuarios.js
2026-09-13 05:13:37 [http-nio-8080-exec-3] DEBUG o.s.s.w.a.AnonymousAuthenticationFilter - Set SecurityContextHolder to anonymous SecurityContext
2026-09-13 05:13:37 [http-nio-8080-exec-6] DEBUG o.s.security.web.FilterChainProxy - Secured GET /js/auth.js
2026-09-13 05:13:37 [http-nio-8080-exec-8] DEBUG o.s.security.web.FilterChainProxy - Secured GET /js/sidebar.js
2026-09-13 05:13:37 [http-nio-8080-exec-7] DEBUG o.s.security.web.FilterChainProxy - Secured GET /js/loading.js
2026-09-13 05:13:37 [http-nio-8080-exec-5] DEBUG o.s.s.w.a.AnonymousAuthenticationFilter - Set SecurityContextHolder to anonymous SecurityContext
2026-09-13 05:13:37 [http-nio-8080-exec-10] DEBUG o.s.s.w.a.AnonymousAuthenticationFilter - Set SecurityContextHolder to anonymous SecurityContext
2026-09-13 05:13:37 [http-nio-8080-exec-3] DEBUG o.s.security.web.FilterChainProxy - Secured GET /js/toast.js
2026-09-13 05:13:37 [http-nio-8080-exec-5] DEBUG o.s.security.web.FilterChainProxy - Secured GET /js/modal-usuario.js
2026-09-13 05:13:37 [http-nio-8080-exec-10] DEBUG o.s.security.web.FilterChainProxy - Secured GET /js/usuarios.js
2026-09-13 05:13:37 [http-nio-8080-exec-2] DEBUG o.s.security.web.FilterChainProxy - Securing GET /sidebar.html
2026-09-13 05:13:37 [http-nio-8080-exec-9] DEBUG o.s.security.web.FilterChainProxy - Securing GET /modal-usuario.html
2026-09-13 05:13:37 [http-nio-8080-exec-1] DEBUG o.s.security.web.FilterChainProxy - Securing GET /favicon.ico
2026-09-13 05:13:37 [http-nio-8080-exec-9] DEBUG o.s.s.w.a.AnonymousAuthenticationFilter - Set SecurityContextHolder to anonymous SecurityContext
2026-09-13 05:13:37 [http-nio-8080-exec-2] DEBUG o.s.s.w.a.AnonymousAuthenticationFilter - Set SecurityContextHolder to anonymous SecurityContext
2026-09-13 05:13:37 [http-nio-8080-exec-9] DEBUG o.s.security.web.FilterChainProxy - Secured GET /modal-usuario.html
2026-09-13 05:13:37 [http-nio-8080-exec-1] DEBUG o.s.s.w.a.AnonymousAuthenticationFilter - Set SecurityContextHolder to anonymous SecurityContext
2026-09-13 05:13:37 [http-nio-8080-exec-2] DEBUG o.s.security.web.FilterChainProxy - Secured GET /sidebar.html
2026-09-13 05:13:37 [http-nio-8080-exec-1] DEBUG o.s.s.w.a.Http403ForbiddenEntryPoint - Pre-authenticated entry point called. Rejecting access
2026-09-13 05:13:37 [http-nio-8080-exec-1] DEBUG o.s.security.web.FilterChainProxy - Securing GET /error
2026-09-13 05:13:37 [http-nio-8080-exec-1] DEBUG o.s.s.w.a.AnonymousAuthenticationFilter - Set SecurityContextHolder to anonymous SecurityContext
2026-09-13 05:13:37 [http-nio-8080-exec-4] DEBUG o.s.security.web.FilterChainProxy - Securing GET /api/usuarios
2026-09-13 05:13:37 [http-nio-8080-exec-1] DEBUG o.s.s.w.a.Http403ForbiddenEntryPoint - Pre-authenticated entry point called. Rejecting access
2026-09-13 05:13:37 [http-nio-8080-exec-4] WARN  c.e.P.security.JwtAuthFilter - Erro ao extrair email do token: JWT expired 455117487 milliseconds ago at 2026-09-08T01:48:20.000Z. Current time: 2026-09-13T08:13:37.487Z. Allowed clock skew: 0 milliseconds.
2026-09-13 05:13:37 [http-nio-8080-exec-4] DEBUG o.s.s.w.a.AnonymousAuthenticationFilter - Set SecurityContextHolder to anonymous SecurityContext
2026-09-13 05:13:37 [http-nio-8080-exec-4] DEBUG o.s.s.w.a.Http403ForbiddenEntryPoint - Pre-authenticated entry point called. Rejecting access
2026-09-13 05:13:37 [http-nio-8080-exec-4] DEBUG o.s.security.web.FilterChainProxy - Securing GET /error
2026-09-13 05:13:37 [http-nio-8080-exec-4] DEBUG o.s.s.w.a.AnonymousAuthenticationFilter - Set SecurityContextHolder to anonymous SecurityContext
2026-09-13 05:13:37 [http-nio-8080-exec-4] DEBUG o.s.s.w.a.Http403ForbiddenEntryPoint - Pre-authenticated entry point called. Rejecting access
2026-09-13 05:14:08 [http-nio-8080-exec-2] DEBUG o.s.security.web.FilterChainProxy - Securing GET /css/global.css
2026-09-13 05:14:08 [http-nio-8080-exec-9] DEBUG o.s.security.web.FilterChainProxy - Securing GET /css/sidebar.css
2026-09-13 05:14:08 [http-nio-8080-exec-1] DEBUG o.s.security.web.FilterChainProxy - Securing GET /css/usuarios.css
2026-09-13 05:14:08 [http-nio-8080-exec-4] DEBUG o.s.security.web.FilterChainProxy - Securing GET /css/toast.css
2026-09-13 05:14:08 [http-nio-8080-exec-6] DEBUG o.s.security.web.FilterChainProxy - Securing GET /css/modal-usuario.css
2026-09-13 05:14:08 [http-nio-8080-exec-2] DEBUG o.s.s.w.a.AnonymousAuthenticationFilter - Set SecurityContextHolder to anonymous SecurityContext
2026-09-13 05:14:08 [http-nio-8080-exec-7] DEBUG o.s.security.web.FilterChainProxy - Securing GET /.well-known/appspecific/com.chrome.devtools.json
2026-09-13 05:14:08 [http-nio-8080-exec-9] DEBUG o.s.s.w.a.AnonymousAuthenticationFilter - Set SecurityContextHolder to anonymous SecurityContext
2026-09-13 05:14:08 [http-nio-8080-exec-1] DEBUG o.s.s.w.a.AnonymousAuthenticationFilter - Set SecurityContextHolder to anonymous SecurityContext
2026-09-13 05:14:08 [http-nio-8080-exec-1] DEBUG o.s.security.web.FilterChainProxy - Secured GET /css/usuarios.css
2026-09-13 05:14:08 [http-nio-8080-exec-4] DEBUG o.s.s.w.a.AnonymousAuthenticationFilter - Set SecurityContextHolder to anonymous SecurityContext
2026-09-13 05:14:08 [http-nio-8080-exec-4] DEBUG o.s.security.web.FilterChainProxy - Secured GET /css/toast.css
2026-09-13 05:14:08 [http-nio-8080-exec-6] DEBUG o.s.s.w.a.AnonymousAuthenticationFilter - Set SecurityContextHolder to anonymous SecurityContext
2026-09-13 05:14:08 [http-nio-8080-exec-2] DEBUG o.s.security.web.FilterChainProxy - Secured GET /css/global.css
2026-09-13 05:14:08 [http-nio-8080-exec-7] DEBUG o.s.s.w.a.AnonymousAuthenticationFilter - Set SecurityContextHolder to anonymous SecurityContext
2026-09-13 05:14:08 [http-nio-8080-exec-9] DEBUG o.s.security.web.FilterChainProxy - Secured GET /css/sidebar.css
2026-09-13 05:14:08 [http-nio-8080-exec-6] DEBUG o.s.security.web.FilterChainProxy - Secured GET /css/modal-usuario.css
2026-09-13 05:14:08 [http-nio-8080-exec-7] DEBUG o.s.s.w.a.Http403ForbiddenEntryPoint - Pre-authenticated entry point called. Rejecting access
2026-09-13 05:14:08 [http-nio-8080-exec-7] DEBUG o.s.security.web.FilterChainProxy - Securing GET /error
2026-09-13 05:14:08 [http-nio-8080-exec-7] DEBUG o.s.s.w.a.AnonymousAuthenticationFilter - Set SecurityContextHolder to anonymous SecurityContext
2026-09-13 05:14:08 [http-nio-8080-exec-7] DEBUG o.s.s.w.a.Http403ForbiddenEntryPoint - Pre-authenticated entry point called. Rejecting access
2026-09-13 05:24:34 [http-nio-8080-exec-2] DEBUG o.s.security.web.FilterChainProxy - Securing GET /
2026-09-13 05:24:35 [http-nio-8080-exec-2] DEBUG o.s.s.w.a.AnonymousAuthenticationFilter - Set SecurityContextHolder to anonymous SecurityContext
2026-09-13 05:24:35 [http-nio-8080-exec-2] DEBUG o.s.security.web.FilterChainProxy - Secured GET /
2026-09-13 05:24:35 [http-nio-8080-exec-2] DEBUG o.s.security.web.FilterChainProxy - Securing GET /index.html
2026-09-13 05:24:35 [http-nio-8080-exec-2] DEBUG o.s.security.web.FilterChainProxy - Secured GET /index.html
2026-09-13 05:24:37 [http-nio-8080-exec-9] DEBUG o.s.security.web.FilterChainProxy - Securing GET /login.html
2026-09-13 05:24:37 [http-nio-8080-exec-9] DEBUG o.s.s.w.a.AnonymousAuthenticationFilter - Set SecurityContextHolder to anonymous SecurityContext
2026-09-13 05:24:37 [http-nio-8080-exec-9] DEBUG o.s.security.web.FilterChainProxy - Secured GET /login.html
2026-09-13 05:24:37 [http-nio-8080-exec-6] DEBUG o.s.security.web.FilterChainProxy - Securing GET /css/global.css
2026-09-13 05:24:37 [http-nio-8080-exec-7] DEBUG o.s.security.web.FilterChainProxy - Securing GET /css/login.css
2026-09-13 05:24:37 [http-nio-8080-exec-8] DEBUG o.s.security.web.FilterChainProxy - Securing GET /img/logo.png
2026-09-13 05:24:37 [http-nio-8080-exec-3] DEBUG o.s.security.web.FilterChainProxy - Securing GET /js/config.js
2026-09-13 05:24:37 [http-nio-8080-exec-6] DEBUG o.s.s.w.a.AnonymousAuthenticationFilter - Set SecurityContextHolder to anonymous SecurityContext
2026-09-13 05:24:37 [http-nio-8080-exec-7] DEBUG o.s.s.w.a.AnonymousAuthenticationFilter - Set SecurityContextHolder to anonymous SecurityContext
2026-09-13 05:24:37 [http-nio-8080-exec-8] DEBUG o.s.s.w.a.AnonymousAuthenticationFilter - Set SecurityContextHolder to anonymous SecurityContext
2026-09-13 05:24:37 [http-nio-8080-exec-3] DEBUG o.s.s.w.a.AnonymousAuthenticationFilter - Set SecurityContextHolder to anonymous SecurityContext
2026-09-13 05:24:37 [http-nio-8080-exec-6] DEBUG o.s.security.web.FilterChainProxy - Secured GET /css/global.css
2026-09-13 05:24:37 [http-nio-8080-exec-3] DEBUG o.s.security.web.FilterChainProxy - Secured GET /js/config.js
2026-09-13 05:24:37 [http-nio-8080-exec-7] DEBUG o.s.security.web.FilterChainProxy - Secured GET /css/login.css
2026-09-13 05:24:37 [http-nio-8080-exec-8] DEBUG o.s.s.w.a.Http403ForbiddenEntryPoint - Pre-authenticated entry point called. Rejecting access
2026-09-13 05:24:37 [http-nio-8080-exec-8] DEBUG o.s.security.web.FilterChainProxy - Securing GET /error
2026-09-13 05:24:37 [http-nio-8080-exec-8] DEBUG o.s.s.w.a.AnonymousAuthenticationFilter - Set SecurityContextHolder to anonymous SecurityContext
2026-09-13 05:24:37 [http-nio-8080-exec-8] DEBUG o.s.s.w.a.Http403ForbiddenEntryPoint - Pre-authenticated entry point called. Rejecting access
2026-09-13 05:24:37 [http-nio-8080-exec-5] DEBUG o.s.security.web.FilterChainProxy - Securing GET /js/api.js
2026-09-13 05:24:37 [http-nio-8080-exec-4] DEBUG o.s.security.web.FilterChainProxy - Securing GET /js/auth.js
2026-09-13 05:24:37 [http-nio-8080-exec-4] DEBUG o.s.s.w.a.AnonymousAuthenticationFilter - Set SecurityContextHolder to anonymous SecurityContext
2026-09-13 05:24:37 [http-nio-8080-exec-5] DEBUG o.s.s.w.a.AnonymousAuthenticationFilter - Set SecurityContextHolder to anonymous SecurityContext
2026-09-13 05:24:37 [http-nio-8080-exec-4] DEBUG o.s.security.web.FilterChainProxy - Secured GET /js/auth.js
2026-09-13 05:24:37 [http-nio-8080-exec-5] DEBUG o.s.security.web.FilterChainProxy - Secured GET /js/api.js
2026-09-13 05:24:37 [http-nio-8080-exec-10] DEBUG o.s.security.web.FilterChainProxy - Securing GET /js/util.js
2026-09-13 05:24:37 [http-nio-8080-exec-10] DEBUG o.s.s.w.a.AnonymousAuthenticationFilter - Set SecurityContextHolder to anonymous SecurityContext
2026-09-13 05:24:37 [http-nio-8080-exec-1] DEBUG o.s.security.web.FilterChainProxy - Securing GET /js/login.js
2026-09-13 05:24:37 [http-nio-8080-exec-1] DEBUG o.s.s.w.a.AnonymousAuthenticationFilter - Set SecurityContextHolder to anonymous SecurityContext
2026-09-13 05:24:37 [http-nio-8080-exec-10] DEBUG o.s.security.web.FilterChainProxy - Secured GET /js/util.js
2026-09-13 05:24:37 [http-nio-8080-exec-1] DEBUG o.s.security.web.FilterChainProxy - Secured GET /js/login.js
2026-09-13 05:24:37 [http-nio-8080-exec-2] DEBUG o.s.security.web.FilterChainProxy - Securing GET /dashboard.html
2026-09-13 05:24:37 [http-nio-8080-exec-2] DEBUG o.s.s.w.a.AnonymousAuthenticationFilter - Set SecurityContextHolder to anonymous SecurityContext
2026-09-13 05:24:38 [http-nio-8080-exec-2] DEBUG o.s.security.web.FilterChainProxy - Secured GET /dashboard.html
2026-09-13 05:24:38 [http-nio-8080-exec-9] DEBUG o.s.security.web.FilterChainProxy - Securing GET /css/global.css
2026-09-13 05:24:38 [http-nio-8080-exec-3] DEBUG o.s.security.web.FilterChainProxy - Securing GET /css/sidebar.css
2026-09-13 05:24:38 [http-nio-8080-exec-6] DEBUG o.s.security.web.FilterChainProxy - Securing GET /css/dashboard.css
2026-09-13 05:24:38 [http-nio-8080-exec-9] DEBUG o.s.s.w.a.AnonymousAuthenticationFilter - Set SecurityContextHolder to anonymous SecurityContext
2026-09-13 05:24:38 [http-nio-8080-exec-3] DEBUG o.s.s.w.a.AnonymousAuthenticationFilter - Set SecurityContextHolder to anonymous SecurityContext
2026-09-13 05:24:38 [http-nio-8080-exec-6] DEBUG o.s.s.w.a.AnonymousAuthenticationFilter - Set SecurityContextHolder to anonymous SecurityContext
2026-09-13 05:24:38 [http-nio-8080-exec-9] DEBUG o.s.security.web.FilterChainProxy - Secured GET /css/global.css
2026-09-13 05:24:38 [http-nio-8080-exec-3] DEBUG o.s.security.web.FilterChainProxy - Secured GET /css/sidebar.css
2026-09-13 05:24:38 [http-nio-8080-exec-6] DEBUG o.s.security.web.FilterChainProxy - Secured GET /css/dashboard.css
2026-09-13 05:24:38 [http-nio-8080-exec-7] DEBUG o.s.security.web.FilterChainProxy - Securing GET /css/toast.css
2026-09-13 05:24:38 [http-nio-8080-exec-8] DEBUG o.s.security.web.FilterChainProxy - Securing GET /js/config.js
2026-09-13 05:24:38 [http-nio-8080-exec-4] DEBUG o.s.security.web.FilterChainProxy - Securing GET /js/api.js
2026-09-13 05:24:38 [http-nio-8080-exec-7] DEBUG o.s.s.w.a.AnonymousAuthenticationFilter - Set SecurityContextHolder to anonymous SecurityContext
2026-09-13 05:24:38 [http-nio-8080-exec-4] DEBUG o.s.s.w.a.AnonymousAuthenticationFilter - Set SecurityContextHolder to anonymous SecurityContext
2026-09-13 05:24:38 [http-nio-8080-exec-8] DEBUG o.s.s.w.a.AnonymousAuthenticationFilter - Set SecurityContextHolder to anonymous SecurityContext
2026-09-13 05:24:38 [http-nio-8080-exec-7] DEBUG o.s.security.web.FilterChainProxy - Secured GET /css/toast.css
2026-09-13 05:24:38 [http-nio-8080-exec-4] DEBUG o.s.security.web.FilterChainProxy - Secured GET /js/api.js
2026-09-13 05:24:38 [http-nio-8080-exec-8] DEBUG o.s.security.web.FilterChainProxy - Secured GET /js/config.js
2026-09-13 05:24:38 [http-nio-8080-exec-10] DEBUG o.s.security.web.FilterChainProxy - Securing GET /js/util.js
2026-09-13 05:24:38 [http-nio-8080-exec-5] DEBUG o.s.security.web.FilterChainProxy - Securing GET /js/auth.js
2026-09-13 05:24:38 [http-nio-8080-exec-1] DEBUG o.s.security.web.FilterChainProxy - Securing GET /js/loading.js
2026-09-13 05:24:38 [http-nio-8080-exec-10] DEBUG o.s.s.w.a.AnonymousAuthenticationFilter - Set SecurityContextHolder to anonymous SecurityContext
2026-09-13 05:24:38 [http-nio-8080-exec-5] DEBUG o.s.s.w.a.AnonymousAuthenticationFilter - Set SecurityContextHolder to anonymous SecurityContext
2026-09-13 05:24:38 [http-nio-8080-exec-1] DEBUG o.s.s.w.a.AnonymousAuthenticationFilter - Set SecurityContextHolder to anonymous SecurityContext
2026-09-13 05:24:38 [http-nio-8080-exec-10] DEBUG o.s.security.web.FilterChainProxy - Secured GET /js/util.js
2026-09-13 05:24:38 [http-nio-8080-exec-5] DEBUG o.s.security.web.FilterChainProxy - Secured GET /js/auth.js
2026-09-13 05:24:38 [http-nio-8080-exec-1] DEBUG o.s.security.web.FilterChainProxy - Secured GET /js/loading.js
2026-09-13 05:24:38 [http-nio-8080-exec-2] DEBUG o.s.security.web.FilterChainProxy - Securing GET /js/toast.js
2026-09-13 05:24:38 [http-nio-8080-exec-2] DEBUG o.s.s.w.a.AnonymousAuthenticationFilter - Set SecurityContextHolder to anonymous SecurityContext
2026-09-13 05:24:38 [http-nio-8080-exec-3] DEBUG o.s.security.web.FilterChainProxy - Securing GET /js/dashboard.js
2026-09-13 05:24:38 [http-nio-8080-exec-9] DEBUG o.s.security.web.FilterChainProxy - Securing GET /js/sidebar.js
2026-09-13 05:24:38 [http-nio-8080-exec-2] DEBUG o.s.security.web.FilterChainProxy - Secured GET /js/toast.js
2026-09-13 05:24:38 [http-nio-8080-exec-3] DEBUG o.s.s.w.a.AnonymousAuthenticationFilter - Set SecurityContextHolder to anonymous SecurityContext
2026-09-13 05:24:38 [http-nio-8080-exec-9] DEBUG o.s.s.w.a.AnonymousAuthenticationFilter - Set SecurityContextHolder to anonymous SecurityContext
2026-09-13 05:24:38 [http-nio-8080-exec-3] DEBUG o.s.security.web.FilterChainProxy - Secured GET /js/dashboard.js
2026-09-13 05:24:38 [http-nio-8080-exec-9] DEBUG o.s.security.web.FilterChainProxy - Secured GET /js/sidebar.js
2026-09-13 05:24:38 [http-nio-8080-exec-4] DEBUG o.s.security.web.FilterChainProxy - Securing GET /api/dashboard
2026-09-13 05:24:38 [http-nio-8080-exec-6] DEBUG o.s.security.web.FilterChainProxy - Securing GET /sidebar.html
2026-09-13 05:24:38 [http-nio-8080-exec-7] DEBUG o.s.security.web.FilterChainProxy - Securing GET /api/usuarios/me
2026-09-13 05:24:38 [http-nio-8080-exec-4] WARN  c.e.P.security.JwtAuthFilter - Erro ao extrair email do token: JWT expired 455778856 milliseconds ago at 2026-09-08T01:48:20.000Z. Current time: 2026-09-13T08:24:38.856Z. Allowed clock skew: 0 milliseconds.
2026-09-13 05:24:38 [http-nio-8080-exec-4] DEBUG o.s.s.w.a.AnonymousAuthenticationFilter - Set SecurityContextHolder to anonymous SecurityContext
2026-09-13 05:24:38 [http-nio-8080-exec-6] DEBUG o.s.s.w.a.AnonymousAuthenticationFilter - Set SecurityContextHolder to anonymous SecurityContext
2026-09-13 05:24:38 [http-nio-8080-exec-7] WARN  c.e.P.security.JwtAuthFilter - Erro ao extrair email do token: JWT expired 455778857 milliseconds ago at 2026-09-08T01:48:20.000Z. Current time: 2026-09-13T08:24:38.857Z. Allowed clock skew: 0 milliseconds.
2026-09-13 05:24:38 [http-nio-8080-exec-4] DEBUG o.s.s.w.a.Http403ForbiddenEntryPoint - Pre-authenticated entry point called. Rejecting access
2026-09-13 05:24:38 [http-nio-8080-exec-6] DEBUG o.s.security.web.FilterChainProxy - Secured GET /sidebar.html
2026-09-13 05:24:38 [http-nio-8080-exec-7] DEBUG o.s.s.w.a.AnonymousAuthenticationFilter - Set SecurityContextHolder to anonymous SecurityContext
2026-09-13 05:24:38 [http-nio-8080-exec-4] DEBUG o.s.security.web.FilterChainProxy - Securing GET /error
2026-09-13 05:24:38 [http-nio-8080-exec-7] DEBUG o.s.s.w.a.Http403ForbiddenEntryPoint - Pre-authenticated entry point called. Rejecting access
2026-09-13 05:24:38 [http-nio-8080-exec-4] DEBUG o.s.s.w.a.AnonymousAuthenticationFilter - Set SecurityContextHolder to anonymous SecurityContext
2026-09-13 05:24:38 [http-nio-8080-exec-7] DEBUG o.s.security.web.FilterChainProxy - Securing GET /error
2026-09-13 05:24:38 [http-nio-8080-exec-4] DEBUG o.s.s.w.a.Http403ForbiddenEntryPoint - Pre-authenticated entry point called. Rejecting access
2026-09-13 05:24:38 [http-nio-8080-exec-7] DEBUG o.s.s.w.a.AnonymousAuthenticationFilter - Set SecurityContextHolder to anonymous SecurityContext
2026-09-13 05:24:38 [http-nio-8080-exec-7] DEBUG o.s.s.w.a.Http403ForbiddenEntryPoint - Pre-authenticated entry point called. Rejecting access
2026-09-13 05:24:44 [http-nio-8080-exec-8] DEBUG o.s.security.web.FilterChainProxy - Securing GET /favicon.ico
2026-09-13 05:24:44 [http-nio-8080-exec-8] DEBUG o.s.s.w.a.AnonymousAuthenticationFilter - Set SecurityContextHolder to anonymous SecurityContext
2026-09-13 05:24:44 [http-nio-8080-exec-8] DEBUG o.s.s.w.a.Http403ForbiddenEntryPoint - Pre-authenticated entry point called. Rejecting access
2026-09-13 05:24:44 [http-nio-8080-exec-8] DEBUG o.s.security.web.FilterChainProxy - Securing GET /error
2026-09-13 05:24:44 [http-nio-8080-exec-8] DEBUG o.s.s.w.a.AnonymousAuthenticationFilter - Set SecurityContextHolder to anonymous SecurityContext
2026-09-13 05:24:44 [http-nio-8080-exec-8] DEBUG o.s.s.w.a.Http403ForbiddenEntryPoint - Pre-authenticated entry point called. Rejecting access
2026-09-13 05:24:53 [http-nio-8080-exec-10] DEBUG o.s.security.web.FilterChainProxy - Securing GET /
2026-09-13 05:24:53 [http-nio-8080-exec-10] DEBUG o.s.s.w.a.AnonymousAuthenticationFilter - Set SecurityContextHolder to anonymous SecurityContext
2026-09-13 05:24:53 [http-nio-8080-exec-10] DEBUG o.s.security.web.FilterChainProxy - Secured GET /
2026-09-13 05:24:53 [http-nio-8080-exec-10] DEBUG o.s.security.web.FilterChainProxy - Securing GET /index.html
2026-09-13 05:24:53 [http-nio-8080-exec-10] DEBUG o.s.security.web.FilterChainProxy - Secured GET /index.html
2026-09-13 05:24:55 [http-nio-8080-exec-5] DEBUG o.s.security.web.FilterChainProxy - Securing GET /login.html
2026-09-13 05:24:55 [http-nio-8080-exec-5] DEBUG o.s.s.w.a.AnonymousAuthenticationFilter - Set SecurityContextHolder to anonymous SecurityContext
2026-09-13 05:24:55 [http-nio-8080-exec-5] DEBUG o.s.security.web.FilterChainProxy - Secured GET /login.html
2026-09-13 05:24:55 [http-nio-8080-exec-2] DEBUG o.s.security.web.FilterChainProxy - Securing GET /css/login.css
2026-09-13 05:24:55 [http-nio-8080-exec-1] DEBUG o.s.security.web.FilterChainProxy - Securing GET /css/global.css
2026-09-13 05:24:55 [http-nio-8080-exec-3] DEBUG o.s.security.web.FilterChainProxy - Securing GET /img/logo.png
2026-09-13 05:24:55 [http-nio-8080-exec-9] DEBUG o.s.security.web.FilterChainProxy - Securing GET /js/config.js
2026-09-13 05:24:55 [http-nio-8080-exec-2] DEBUG o.s.s.w.a.AnonymousAuthenticationFilter - Set SecurityContextHolder to anonymous SecurityContext
2026-09-13 05:24:55 [http-nio-8080-exec-9] DEBUG o.s.s.w.a.AnonymousAuthenticationFilter - Set SecurityContextHolder to anonymous SecurityContext
2026-09-13 05:24:55 [http-nio-8080-exec-2] DEBUG o.s.security.web.FilterChainProxy - Secured GET /css/login.css
2026-09-13 05:24:55 [http-nio-8080-exec-1] DEBUG o.s.s.w.a.AnonymousAuthenticationFilter - Set SecurityContextHolder to anonymous SecurityContext
2026-09-13 05:24:55 [http-nio-8080-exec-3] DEBUG o.s.s.w.a.AnonymousAuthenticationFilter - Set SecurityContextHolder to anonymous SecurityContext
2026-09-13 05:24:55 [http-nio-8080-exec-9] DEBUG o.s.security.web.FilterChainProxy - Secured GET /js/config.js
2026-09-13 05:24:55 [http-nio-8080-exec-3] DEBUG o.s.s.w.a.Http403ForbiddenEntryPoint - Pre-authenticated entry point called. Rejecting access
2026-09-13 05:24:55 [http-nio-8080-exec-1] DEBUG o.s.security.web.FilterChainProxy - Secured GET /css/global.css
2026-09-13 05:24:55 [http-nio-8080-exec-3] DEBUG o.s.security.web.FilterChainProxy - Securing GET /error
2026-09-13 05:24:55 [http-nio-8080-exec-3] DEBUG o.s.s.w.a.AnonymousAuthenticationFilter - Set SecurityContextHolder to anonymous SecurityContext
2026-09-13 05:24:55 [http-nio-8080-exec-3] DEBUG o.s.s.w.a.Http403ForbiddenEntryPoint - Pre-authenticated entry point called. Rejecting access
2026-09-13 05:24:55 [http-nio-8080-exec-6] DEBUG o.s.security.web.FilterChainProxy - Securing GET /js/api.js
2026-09-13 05:24:55 [http-nio-8080-exec-4] DEBUG o.s.security.web.FilterChainProxy - Securing GET /js/auth.js
2026-09-13 05:24:55 [http-nio-8080-exec-6] DEBUG o.s.s.w.a.AnonymousAuthenticationFilter - Set SecurityContextHolder to anonymous SecurityContext
2026-09-13 05:24:55 [http-nio-8080-exec-4] DEBUG o.s.s.w.a.AnonymousAuthenticationFilter - Set SecurityContextHolder to anonymous SecurityContext
2026-09-13 05:24:55 [http-nio-8080-exec-6] DEBUG o.s.security.web.FilterChainProxy - Secured GET /js/api.js
2026-09-13 05:24:55 [http-nio-8080-exec-4] DEBUG o.s.security.web.FilterChainProxy - Secured GET /js/auth.js
2026-09-13 05:24:55 [http-nio-8080-exec-7] DEBUG o.s.security.web.FilterChainProxy - Securing GET /js/util.js
2026-09-13 05:24:55 [http-nio-8080-exec-4] DEBUG o.s.security.web.FilterChainProxy - Securing GET /js/login.js
2026-09-13 05:24:55 [http-nio-8080-exec-7] DEBUG o.s.s.w.a.AnonymousAuthenticationFilter - Set SecurityContextHolder to anonymous SecurityContext
2026-09-13 05:24:55 [http-nio-8080-exec-4] DEBUG o.s.s.w.a.AnonymousAuthenticationFilter - Set SecurityContextHolder to anonymous SecurityContext
2026-09-13 05:24:55 [http-nio-8080-exec-7] DEBUG o.s.security.web.FilterChainProxy - Secured GET /js/util.js
2026-09-13 05:24:55 [http-nio-8080-exec-4] DEBUG o.s.security.web.FilterChainProxy - Secured GET /js/login.js
2026-09-13 05:24:55 [http-nio-8080-exec-10] DEBUG o.s.security.web.FilterChainProxy - Securing GET /dashboard.html
2026-09-13 05:24:55 [http-nio-8080-exec-10] DEBUG o.s.s.w.a.AnonymousAuthenticationFilter - Set SecurityContextHolder to anonymous SecurityContext
2026-09-13 05:24:55 [http-nio-8080-exec-10] DEBUG o.s.security.web.FilterChainProxy - Secured GET /dashboard.html
2026-09-13 05:24:55 [http-nio-8080-exec-5] DEBUG o.s.security.web.FilterChainProxy - Securing GET /css/global.css
2026-09-13 05:24:55 [http-nio-8080-exec-2] DEBUG o.s.security.web.FilterChainProxy - Securing GET /css/sidebar.css
2026-09-13 05:24:55 [http-nio-8080-exec-9] DEBUG o.s.security.web.FilterChainProxy - Securing GET /css/dashboard.css
2026-09-13 05:24:55 [http-nio-8080-exec-5] DEBUG o.s.s.w.a.AnonymousAuthenticationFilter - Set SecurityContextHolder to anonymous SecurityContext
2026-09-13 05:24:55 [http-nio-8080-exec-2] DEBUG o.s.s.w.a.AnonymousAuthenticationFilter - Set SecurityContextHolder to anonymous SecurityContext
2026-09-13 05:24:55 [http-nio-8080-exec-9] DEBUG o.s.s.w.a.AnonymousAuthenticationFilter - Set SecurityContextHolder to anonymous SecurityContext
2026-09-13 05:24:55 [http-nio-8080-exec-5] DEBUG o.s.security.web.FilterChainProxy - Secured GET /css/global.css
2026-09-13 05:24:55 [http-nio-8080-exec-2] DEBUG o.s.security.web.FilterChainProxy - Secured GET /css/sidebar.css
2026-09-13 05:24:55 [http-nio-8080-exec-9] DEBUG o.s.security.web.FilterChainProxy - Secured GET /css/dashboard.css
2026-09-13 05:24:55 [http-nio-8080-exec-1] DEBUG o.s.security.web.FilterChainProxy - Securing GET /css/toast.css
2026-09-13 05:24:55 [http-nio-8080-exec-3] DEBUG o.s.security.web.FilterChainProxy - Securing GET /js/config.js
2026-09-13 05:24:55 [http-nio-8080-exec-1] DEBUG o.s.s.w.a.AnonymousAuthenticationFilter - Set SecurityContextHolder to anonymous SecurityContext
2026-09-13 05:24:55 [http-nio-8080-exec-6] DEBUG o.s.security.web.FilterChainProxy - Securing GET /js/api.js
2026-09-13 05:24:56 [http-nio-8080-exec-3] DEBUG o.s.s.w.a.AnonymousAuthenticationFilter - Set SecurityContextHolder to anonymous SecurityContext
2026-09-13 05:24:56 [http-nio-8080-exec-1] DEBUG o.s.security.web.FilterChainProxy - Secured GET /css/toast.css
2026-09-13 05:24:56 [http-nio-8080-exec-6] DEBUG o.s.s.w.a.AnonymousAuthenticationFilter - Set SecurityContextHolder to anonymous SecurityContext
2026-09-13 05:24:56 [http-nio-8080-exec-3] DEBUG o.s.security.web.FilterChainProxy - Secured GET /js/config.js
2026-09-13 05:24:56 [http-nio-8080-exec-6] DEBUG o.s.security.web.FilterChainProxy - Secured GET /js/api.js
2026-09-13 05:24:56 [http-nio-8080-exec-8] DEBUG o.s.security.web.FilterChainProxy - Securing GET /js/auth.js
2026-09-13 05:24:56 [http-nio-8080-exec-8] DEBUG o.s.s.w.a.AnonymousAuthenticationFilter - Set SecurityContextHolder to anonymous SecurityContext
2026-09-13 05:24:56 [http-nio-8080-exec-4] DEBUG o.s.security.web.FilterChainProxy - Securing GET /js/util.js
2026-09-13 05:24:56 [http-nio-8080-exec-7] DEBUG o.s.security.web.FilterChainProxy - Securing GET /js/loading.js
2026-09-13 05:24:56 [http-nio-8080-exec-8] DEBUG o.s.security.web.FilterChainProxy - Secured GET /js/auth.js
2026-09-13 05:24:56 [http-nio-8080-exec-4] DEBUG o.s.s.w.a.AnonymousAuthenticationFilter - Set SecurityContextHolder to anonymous SecurityContext
2026-09-13 05:24:56 [http-nio-8080-exec-7] DEBUG o.s.s.w.a.AnonymousAuthenticationFilter - Set SecurityContextHolder to anonymous SecurityContext
2026-09-13 05:24:56 [http-nio-8080-exec-4] DEBUG o.s.security.web.FilterChainProxy - Secured GET /js/util.js
2026-09-13 05:24:56 [http-nio-8080-exec-7] DEBUG o.s.security.web.FilterChainProxy - Secured GET /js/loading.js
2026-09-13 05:24:56 [http-nio-8080-exec-10] DEBUG o.s.security.web.FilterChainProxy - Securing GET /js/toast.js
2026-09-13 05:24:56 [http-nio-8080-exec-5] DEBUG o.s.security.web.FilterChainProxy - Securing GET /js/sidebar.js
2026-09-13 05:24:56 [http-nio-8080-exec-2] DEBUG o.s.security.web.FilterChainProxy - Securing GET /js/dashboard.js
2026-09-13 05:24:56 [http-nio-8080-exec-10] DEBUG o.s.s.w.a.AnonymousAuthenticationFilter - Set SecurityContextHolder to anonymous SecurityContext
2026-09-13 05:24:56 [http-nio-8080-exec-5] DEBUG o.s.s.w.a.AnonymousAuthenticationFilter - Set SecurityContextHolder to anonymous SecurityContext
2026-09-13 05:24:56 [http-nio-8080-exec-2] DEBUG o.s.s.w.a.AnonymousAuthenticationFilter - Set SecurityContextHolder to anonymous SecurityContext
2026-09-13 05:24:56 [http-nio-8080-exec-5] DEBUG o.s.security.web.FilterChainProxy - Secured GET /js/sidebar.js
2026-09-13 05:24:56 [http-nio-8080-exec-2] DEBUG o.s.security.web.FilterChainProxy - Secured GET /js/dashboard.js
2026-09-13 05:24:56 [http-nio-8080-exec-10] DEBUG o.s.security.web.FilterChainProxy - Secured GET /js/toast.js
2026-09-13 05:24:56 [http-nio-8080-exec-9] DEBUG o.s.security.web.FilterChainProxy - Securing GET /sidebar.html
2026-09-13 05:24:56 [http-nio-8080-exec-3] DEBUG o.s.security.web.FilterChainProxy - Securing GET /api/dashboard
2026-09-13 05:24:56 [http-nio-8080-exec-1] DEBUG o.s.security.web.FilterChainProxy - Securing GET /api/usuarios/me
2026-09-13 05:24:56 [http-nio-8080-exec-3] WARN  c.e.P.security.JwtAuthFilter - Erro ao extrair email do token: JWT expired 455796465 milliseconds ago at 2026-09-08T01:48:20.000Z. Current time: 2026-09-13T08:24:56.465Z. Allowed clock skew: 0 milliseconds.
2026-09-13 05:24:56 [http-nio-8080-exec-3] DEBUG o.s.s.w.a.AnonymousAuthenticationFilter - Set SecurityContextHolder to anonymous SecurityContext
2026-09-13 05:24:56 [http-nio-8080-exec-9] DEBUG o.s.s.w.a.AnonymousAuthenticationFilter - Set SecurityContextHolder to anonymous SecurityContext
2026-09-13 05:24:56 [http-nio-8080-exec-1] WARN  c.e.P.security.JwtAuthFilter - Erro ao extrair email do token: JWT expired 455796466 milliseconds ago at 2026-09-08T01:48:20.000Z. Current time: 2026-09-13T08:24:56.466Z. Allowed clock skew: 0 milliseconds.
2026-09-13 05:24:56 [http-nio-8080-exec-3] DEBUG o.s.s.w.a.Http403ForbiddenEntryPoint - Pre-authenticated entry point called. Rejecting access
2026-09-13 05:24:56 [http-nio-8080-exec-9] DEBUG o.s.security.web.FilterChainProxy - Secured GET /sidebar.html
2026-09-13 05:24:56 [http-nio-8080-exec-1] DEBUG o.s.s.w.a.AnonymousAuthenticationFilter - Set SecurityContextHolder to anonymous SecurityContext
2026-09-13 05:24:56 [http-nio-8080-exec-3] DEBUG o.s.security.web.FilterChainProxy - Securing GET /error
2026-09-13 05:24:56 [http-nio-8080-exec-1] DEBUG o.s.s.w.a.Http403ForbiddenEntryPoint - Pre-authenticated entry point called. Rejecting access
2026-09-13 05:24:56 [http-nio-8080-exec-3] DEBUG o.s.s.w.a.AnonymousAuthenticationFilter - Set SecurityContextHolder to anonymous SecurityContext
2026-09-13 05:24:56 [http-nio-8080-exec-1] DEBUG o.s.security.web.FilterChainProxy - Securing GET /error
2026-09-13 05:24:56 [http-nio-8080-exec-3] DEBUG o.s.s.w.a.Http403ForbiddenEntryPoint - Pre-authenticated entry point called. Rejecting access
2026-09-13 05:24:56 [http-nio-8080-exec-1] DEBUG o.s.s.w.a.AnonymousAuthenticationFilter - Set SecurityContextHolder to anonymous SecurityContext
2026-09-13 05:24:56 [http-nio-8080-exec-1] DEBUG o.s.s.w.a.Http403ForbiddenEntryPoint - Pre-authenticated entry point called. Rejecting access
2026-09-13 05:24:59 [http-nio-8080-exec-6] DEBUG o.s.security.web.FilterChainProxy - Securing GET /favicon.ico
2026-09-13 05:24:59 [http-nio-8080-exec-6] DEBUG o.s.s.w.a.AnonymousAuthenticationFilter - Set SecurityContextHolder to anonymous SecurityContext
2026-09-13 05:24:59 [http-nio-8080-exec-6] DEBUG o.s.s.w.a.Http403ForbiddenEntryPoint - Pre-authenticated entry point called. Rejecting access
2026-09-13 05:24:59 [http-nio-8080-exec-6] DEBUG o.s.security.web.FilterChainProxy - Securing GET /error
2026-09-13 05:24:59 [http-nio-8080-exec-6] DEBUG o.s.s.w.a.AnonymousAuthenticationFilter - Set SecurityContextHolder to anonymous SecurityContext
2026-09-13 05:24:59 [http-nio-8080-exec-6] DEBUG o.s.s.w.a.Http403ForbiddenEntryPoint - Pre-authenticated entry point called. Rejecting access
=======
2026-09-02 22:00:56 [main] INFO  o.h.e.t.j.p.i.JtaPlatformInitiator - HHH000489: No JTA platform available (set 'hibernate.transaction.jta.platform' to enable JTA platform integration)
2026-09-02 22:00:56 [main] DEBUG org.hibernate.SQL - 
    alter table fluxo_caixa 
       modify column forma_pagamento enum ('BOLETO','CARTAO_CREDITO','CARTAO_DEBITO','DINHEIRO','PIX','TRANSFERENCIA')
2026-09-02 22:00:56 [main] DEBUG org.hibernate.SQL - 
    alter table fluxo_caixa 
       modify column origem enum ('AJUSTE_MANUAL','CONTA_PAGAR','CONTA_RECEBER','NOTA_FISCAL','ORDEM_SERVICO','OUTROS') not null
2026-09-02 22:00:56 [main] DEBUG org.hibernate.SQL - 
    alter table fluxo_caixa 
       modify column tipo_movimentacao enum ('ENTRADA','SAIDA') not null
2026-09-02 22:00:56 [main] DEBUG org.hibernate.SQL - 
    alter table mecanico_especialidades 
       modify column especialidade enum ('AR_CONDICIONADO','ELETRICA','FREIOS','FUNILARIA','GERAL','INJECAO_ELETRONICA','MOTOR','PINTURA','SUSPENSAO','TRANSMISSAO')
2026-09-02 22:00:56 [main] DEBUG org.hibernate.SQL - 
    alter table produtos 
       modify column categoria enum ('ACESSORIO','BATERIA','FERRAMENTA','FILTRO','FLUIDO','OLEO_LUBRIFICANTE','OUTROS','PECA_ELETRICA','PECA_FREIO','PECA_MOTOR','PECA_SUSPENSAO','PECA_TRANSMISSAO','PNEU') not null
2026-09-02 22:00:56 [main] DEBUG org.hibernate.SQL - 
    alter table usuarios 
       modify column perfil enum ('ADMIN','ATENDENTE','GERENTE','MECANICO') not null
2026-09-02 22:00:56 [main] DEBUG org.hibernate.SQL - 
    alter table veiculos 
       modify column combustivel enum ('DIESEL','ELETRICO','ETANOL','FLEX','GASOLINA','GNV','HIBRIDO')
2026-09-02 22:00:57 [main] INFO  o.s.o.j.LocalContainerEntityManagerFactoryBean - Initialized JPA EntityManagerFactory for persistence unit 'default'
2026-09-02 22:00:57 [main] INFO  o.s.d.j.r.query.QueryEnhancerFactory - Hibernate is in classpath; If applicable, HQL parser will be used.
2026-09-02 22:00:58 [main] DEBUG c.e.P.security.JwtAuthFilter - Filter 'jwtAuthFilter' configured for use
2026-09-02 22:00:58 [main] INFO  o.s.s.c.a.a.c.InitializeAuthenticationProviderBeanManagerConfigurer$InitializeAuthenticationProviderManagerConfigurer - Global AuthenticationManager configured with AuthenticationProvider bean with name authenticationProvider
2026-09-02 22:00:58 [main] WARN  o.s.s.c.a.a.c.InitializeUserDetailsBeanManagerConfigurer$InitializeUserDetailsManagerConfigurer - Global AuthenticationManager configured with an AuthenticationProvider bean. UserDetailsService beans will not be used by Spring Security for automatically configuring username/password login. Consider removing the AuthenticationProvider bean. Alternatively, consider using the UserDetailsService in a manually instantiated DaoAuthenticationProvider. If the current configuration is intentional, to turn off this warning, increase the logging level of 'org.springframework.security.config.annotation.authentication.configuration.InitializeUserDetailsBeanManagerConfigurer' to ERROR
2026-09-02 22:01:01 [main] WARN  o.s.b.a.o.j.JpaBaseConfiguration$JpaWebConfiguration - spring.jpa.open-in-view is enabled by default. Therefore, database queries may be performed during view rendering. Explicitly configure spring.jpa.open-in-view to disable this warning
2026-09-02 22:01:01 [main] INFO  o.s.b.a.w.s.WelcomePageHandlerMapping - Adding welcome page: class path resource [static/index.html]
2026-09-02 22:01:02 [main] INFO  o.s.b.a.e.web.EndpointLinksResolver - Exposing 3 endpoints beneath base path '/actuator'
2026-09-02 22:01:03 [main] DEBUG o.s.s.web.DefaultSecurityFilterChain - Will secure any request with filters: DisableEncodeUrlFilter, WebAsyncManagerIntegrationFilter, SecurityContextHolderFilter, HeaderWriterFilter, LogoutFilter, JwtAuthFilter, RequestCacheAwareFilter, SecurityContextHolderAwareRequestFilter, AnonymousAuthenticationFilter, SessionManagementFilter, ExceptionTranslationFilter, AuthorizationFilter
2026-09-02 22:01:04 [main] INFO  o.s.b.w.e.tomcat.TomcatWebServer - Tomcat started on port 8080 (http) with context path '/'
2026-09-02 22:01:04 [main] INFO  c.e.P.ProjetoOficinaMecanicaApplication - Started ProjetoOficinaMecanicaApplication in 23.397 seconds (process running for 24.296)
>>>>>>> origin/main
